rgb,thermal
flight1_frame00001.jpg,flight1_frame00001.jpg
flight1_frame00011.jpg,flight1_frame00011.jpg
flight1_frame00021.jpg,flight1_frame00021.jpg
flight1_frame00031.jpg,flight1_frame00031.jpg
flight1_frame00041.jpg,flight1_frame00041.jpg
flight1_frame00051.jpg,flight1_frame00051.jpg
flight1_frame00061.jpg,flight1_frame00061.jpg
flight1_frame00071.jpg,flight1_frame00071.jpg
flight1_frame00081.jpg,flight1_frame00081.jpg
flight1_frame00091.jpg,flight1_frame00091.jpg
flight1_frame00101.jpg,flight1_frame00101.jpg
flight1_frame00111.jpg,flight1_frame00111.jpg
flight1_frame00121.jpg,flight1_frame00121.jpg
flight1_frame00131.jpg,flight1_frame00131.jpg
flight1_frame00141.jpg,flight1_frame00141.jpg
flight1_frame00151.jpg,flight1_frame00151.jpg
flight1_frame00161.jpg,flight1_frame00161.jpg
flight1_frame00171.jpg,flight1_frame00171.jpg
flight1_frame00181.jpg,flight1_frame00181.jpg
flight1_frame00191.jpg,flight1_frame00191.jpg
flight1_frame00201.jpg,flight1_frame00201.jpg
flight1_frame00211.jpg,flight1_frame00211.jpg
flight1_frame00221.jpg,flight1_frame00221.jpg
flight1_frame00231.jpg,flight1_frame00231.jpg
flight1_frame00241.jpg,flight1_frame00241.jpg
flight1_frame00251.jpg,flight1_frame00251.jpg
flight1_frame00261.jpg,flight1_frame00261.jpg
flight1_frame00271.jpg,flight1_frame00271.jpg
flight1_frame00281.jpg,flight1_frame00281.jpg
flight1_frame00291.jpg,flight1_frame00291.jpg
flight1_frame00301.jpg,flight1_frame00301.jpg
flight1_frame00311.jpg,flight1_frame00311.jpg
flight1_frame00321.jpg,flight1_frame00321.jpg
flight1_frame00331.jpg,flight1_frame00331.jpg
flight1_frame00341.jpg,flight1_frame00341.jpg
flight1_frame00351.jpg,flight1_frame00351.jpg
flight1_frame00361.jpg,flight1_frame00361.jpg
flight1_frame00371.jpg,flight1_frame00371.jpg
flight1_frame00381.jpg,flight1_frame00381.jpg
flight1_frame00391.jpg,flight1_frame00391.jpg
flight1_frame00401.jpg,flight1_frame00401.jpg
flight1_frame00411.jpg,flight1_frame00411.jpg
flight1_frame00421.jpg,flight1_frame00421.jpg
flight1_frame00431.jpg,flight1_frame00431.jpg
flight1_frame00441.jpg,flight1_frame00441.jpg
flight1_frame00451.jpg,flight1_frame00451.jpg
flight1_frame00461.jpg,flight1_frame00461.jpg
flight1_frame00471.jpg,flight1_frame00471.jpg
flight1_frame00481.jpg,flight1_frame00481.jpg
flight1_frame00491.jpg,flight1_frame00491.jpg
flight1_frame00501.jpg,flight1_frame00501.jpg
flight1_frame00511.jpg,flight1_frame00511.jpg
flight1_frame00521.jpg,flight1_frame00521.jpg
flight1_frame00531.jpg,flight1_frame00531.jpg
flight1_frame00541.jpg,flight1_frame00541.jpg
flight1_frame00551.jpg,flight1_frame00551.jpg
flight1_frame00561.jpg,flight1_frame00561.jpg
flight1_frame00571.jpg,flight1_frame00571.jpg
flight1_frame00581.jpg,flight1_frame00581.jpg
flight1_frame00591.jpg,flight1_frame00591.jpg
flight1_frame00601.jpg,flight1_frame00601.jpg
flight1_frame00611.jpg,flight1_frame00611.jpg
flight1_frame00621.jpg,flight1_frame00621.jpg
flight1_frame00631.jpg,flight1_frame00631.jpg
flight1_frame00641.jpg,flight1_frame00641.jpg
flight1_frame00651.jpg,flight1_frame00651.jpg
flight1_frame00661.jpg,flight1_frame00661.jpg
flight1_frame00671.jpg,flight1_frame00671.jpg
flight1_frame00681.jpg,flight1_frame00681.jpg
flight1_frame00691.jpg,flight1_frame00691.jpg
flight1_frame00701.jpg,flight1_frame00701.jpg
flight1_frame00711.jpg,flight1_frame00711.jpg
flight1_frame00721.jpg,flight1_frame00721.jpg
flight1_frame00731.jpg,flight1_frame00731.jpg
flight1_frame00741.jpg,flight1_frame00741.jpg
flight1_frame00751.jpg,flight1_frame00751.jpg
flight1_frame00761.jpg,flight1_frame00761.jpg
flight1_frame00771.jpg,flight1_frame00771.jpg
flight1_frame00781.jpg,flight1_frame00781.jpg
flight1_frame00791.jpg,flight1_frame00791.jpg
flight1_frame00801.jpg,flight1_frame00801.jpg
flight1_frame00811.jpg,flight1_frame00811.jpg
flight1_frame00821.jpg,flight1_frame00821.jpg
flight1_frame00831.jpg,flight1_frame00831.jpg
flight1_frame00841.jpg,flight1_frame00841.jpg
flight1_frame00851.jpg,flight1_frame00851.jpg
flight1_frame00861.jpg,flight1_frame00861.jpg
flight1_frame00871.jpg,flight1_frame00871.jpg
flight1_frame00881.jpg,flight1_frame00881.jpg
flight1_frame00891.jpg,flight1_frame00891.jpg
flight1_frame00901.jpg,flight1_frame00901.jpg
flight1_frame00911.jpg,flight1_frame00911.jpg
flight1_frame00921.jpg,flight1_frame00921.jpg
flight1_frame00931.jpg,flight1_frame00931.jpg
flight1_frame00941.jpg,flight1_frame00941.jpg
flight1_frame00951.jpg,flight1_frame00951.jpg
flight1_frame00961.jpg,flight1_frame00961.jpg
flight1_frame00971.jpg,flight1_frame00971.jpg
flight1_frame00981.jpg,flight1_frame00981.jpg
flight1_frame00991.jpg,flight1_frame00991.jpg
flight1_frame01001.jpg,flight1_frame01001.jpg
flight1_frame01011.jpg,flight1_frame01011.jpg
flight1_frame01021.jpg,flight1_frame01021.jpg
flight1_frame01031.jpg,flight1_frame01031.jpg
flight1_frame01041.jpg,flight1_frame01041.jpg
flight1_frame01051.jpg,flight1_frame01051.jpg
flight1_frame01061.jpg,flight1_frame01061.jpg
flight1_frame01071.jpg,flight1_frame01071.jpg
flight1_frame01081.jpg,flight1_frame01081.jpg
flight1_frame01091.jpg,flight1_frame01091.jpg
flight1_frame01101.jpg,flight1_frame01101.jpg
flight1_frame01111.jpg,flight1_frame01111.jpg
flight1_frame01121.jpg,flight1_frame01121.jpg
flight1_frame01131.jpg,flight1_frame01131.jpg
flight1_frame01141.jpg,flight1_frame01141.jpg
flight1_frame01151.jpg,flight1_frame01151.jpg
flight1_frame01161.jpg,flight1_frame01161.jpg
flight1_frame01171.jpg,flight1_frame01171.jpg
flight1_frame01181.jpg,flight1_frame01181.jpg
flight1_frame01191.jpg,flight1_frame01191.jpg
flight1_frame01201.jpg,flight1_frame01201.jpg
flight1_frame01211.jpg,flight1_frame01211.jpg
flight1_frame01221.jpg,flight1_frame01221.jpg
flight1_frame01231.jpg,flight1_frame01231.jpg
flight1_frame01241.jpg,flight1_frame01241.jpg
flight1_frame01251.jpg,flight1_frame01251.jpg
flight1_frame01261.jpg,flight1_frame01261.jpg
flight1_frame01271.jpg,flight1_frame01271.jpg
flight1_frame01281.jpg,flight1_frame01281.jpg
flight1_frame01291.jpg,flight1_frame01291.jpg
flight1_frame01301.jpg,flight1_frame01301.jpg
flight1_frame01311.jpg,flight1_frame01311.jpg
flight1_frame01321.jpg,flight1_frame01321.jpg
flight1_frame01331.jpg,flight1_frame01331.jpg
flight1_frame01341.jpg,flight1_frame01341.jpg
flight1_frame01351.jpg,flight1_frame01351.jpg
flight1_frame01361.jpg,flight1_frame01361.jpg
flight1_frame01371.jpg,flight1_frame01371.jpg
flight1_frame01381.jpg,flight1_frame01381.jpg
flight1_frame01391.jpg,flight1_frame01391.jpg
flight1_frame01401.jpg,flight1_frame01401.jpg
flight1_frame01411.jpg,flight1_frame01411.jpg
flight1_frame01421.jpg,flight1_frame01421.jpg
flight1_frame01431.jpg,flight1_frame01431.jpg
flight1_frame01441.jpg,flight1_frame01441.jpg
flight1_frame01451.jpg,flight1_frame01451.jpg
flight1_frame01461.jpg,flight1_frame01461.jpg
flight1_frame01471.jpg,flight1_frame01471.jpg
flight1_frame01481.jpg,flight1_frame01481.jpg
flight1_frame01491.jpg,flight1_frame01491.jpg
flight1_frame01501.jpg,flight1_frame01501.jpg
flight1_frame01511.jpg,flight1_frame01511.jpg
flight1_frame01521.jpg,flight1_frame01521.jpg
flight1_frame01531.jpg,flight1_frame01531.jpg
flight1_frame01541.jpg,flight1_frame01541.jpg
flight1_frame01551.jpg,flight1_frame01551.jpg
flight1_frame01561.jpg,flight1_frame01561.jpg
flight1_frame01571.jpg,flight1_frame01571.jpg
flight1_frame01581.jpg,flight1_frame01581.jpg
flight1_frame01591.jpg,flight1_frame01591.jpg
flight1_frame01601.jpg,flight1_frame01601.jpg
flight1_frame01611.jpg,flight1_frame01611.jpg
flight1_frame01621.jpg,flight1_frame01621.jpg
flight1_frame01631.jpg,flight1_frame01631.jpg
flight1_frame01641.jpg,flight1_frame01641.jpg
flight1_frame01651.jpg,flight1_frame01651.jpg
flight1_frame01661.jpg,flight1_frame01661.jpg
flight1_frame01671.jpg,flight1_frame01671.jpg
flight1_frame01681.jpg,flight1_frame01681.jpg
flight1_frame01691.jpg,flight1_frame01691.jpg
flight1_frame01701.jpg,flight1_frame01701.jpg
flight1_frame01711.jpg,flight1_frame01711.jpg
flight1_frame01721.jpg,flight1_frame01721.jpg
flight1_frame01731.jpg,flight1_frame01731.jpg
flight1_frame01741.jpg,flight1_frame01741.jpg
flight1_frame01751.jpg,flight1_frame01751.jpg
flight1_frame01761.jpg,flight1_frame01761.jpg
flight1_frame01771.jpg,flight1_frame01771.jpg
flight1_frame01781.jpg,flight1_frame01781.jpg
flight1_frame01791.jpg,flight1_frame01791.jpg
flight1_frame01801.jpg,flight1_frame01801.jpg
flight1_frame01811.jpg,flight1_frame01811.jpg
flight1_frame01821.jpg,flight1_frame01821.jpg
flight1_frame01831.jpg,flight1_frame01831.jpg
flight1_frame01841.jpg,flight1_frame01841.jpg
flight1_frame01851.jpg,flight1_frame01851.jpg
flight1_frame01861.jpg,flight1_frame01861.jpg
flight1_frame01871.jpg,flight1_frame01871.jpg
flight1_frame01881.jpg,flight1_frame01881.jpg
flight1_frame01891.jpg,flight1_frame01891.jpg
flight1_frame01901.jpg,flight1_frame01901.jpg
flight1_frame01911.jpg,flight1_frame01911.jpg
flight1_frame01921.jpg,flight1_frame01921.jpg
flight1_frame01931.jpg,flight1_frame01931.jpg
flight1_frame01941.jpg,flight1_frame01941.jpg
flight1_frame01951.jpg,flight1_frame01951.jpg
flight1_frame01961.jpg,flight1_frame01961.jpg
flight1_frame01971.jpg,flight1_frame01971.jpg
flight1_frame01981.jpg,flight1_frame01981.jpg
flight1_frame01991.jpg,flight1_frame01991.jpg
flight1_frame02001.jpg,flight1_frame02001.jpg
flight1_frame02011.jpg,flight1_frame02011.jpg
flight1_frame02021.jpg,flight1_frame02021.jpg
flight1_frame02031.jpg,flight1_frame02031.jpg
flight1_frame02041.jpg,flight1_frame02041.jpg
flight1_frame02051.jpg,flight1_frame02051.jpg
flight1_frame02061.jpg,flight1_frame02061.jpg
flight1_frame02071.jpg,flight1_frame02071.jpg
flight1_frame02081.jpg,flight1_frame02081.jpg
flight1_frame02091.jpg,flight1_frame02091.jpg
flight1_frame02101.jpg,flight1_frame02101.jpg
flight1_frame02111.jpg,flight1_frame02111.jpg
flight1_frame02121.jpg,flight1_frame02121.jpg
flight1_frame02131.jpg,flight1_frame02131.jpg
flight1_frame02141.jpg,flight1_frame02141.jpg
flight1_frame02151.jpg,flight1_frame02151.jpg
flight1_frame02161.jpg,flight1_frame02161.jpg
flight1_frame02171.jpg,flight1_frame02171.jpg
flight1_frame02181.jpg,flight1_frame02181.jpg
flight1_frame02191.jpg,flight1_frame02191.jpg
flight1_frame02201.jpg,flight1_frame02201.jpg
flight1_frame02211.jpg,flight1_frame02211.jpg
flight1_frame02221.jpg,flight1_frame02221.jpg
flight1_frame02231.jpg,flight1_frame02231.jpg
flight1_frame02241.jpg,flight1_frame02241.jpg
flight1_frame02251.jpg,flight1_frame02251.jpg
flight1_frame02261.jpg,flight1_frame02261.jpg
flight1_frame02271.jpg,flight1_frame02271.jpg
flight1_frame02281.jpg,flight1_frame02281.jpg
flight1_frame02291.jpg,flight1_frame02291.jpg
flight1_frame02301.jpg,flight1_frame02301.jpg
flight1_frame02311.jpg,flight1_frame02311.jpg
flight1_frame02321.jpg,flight1_frame02321.jpg
flight1_frame02331.jpg,flight1_frame02331.jpg
flight1_frame02341.jpg,flight1_frame02341.jpg
flight1_frame02351.jpg,flight1_frame02351.jpg
flight1_frame02361.jpg,flight1_frame02361.jpg
flight1_frame02371.jpg,flight1_frame02371.jpg
flight1_frame02381.jpg,flight1_frame02381.jpg
flight1_frame02391.jpg,flight1_frame02391.jpg
flight1_frame02401.jpg,flight1_frame02401.jpg
flight1_frame02411.jpg,flight1_frame02411.jpg
flight1_frame02421.jpg,flight1_frame02421.jpg
flight1_frame02431.jpg,flight1_frame02431.jpg
flight1_frame02441.jpg,flight1_frame02441.jpg
flight1_frame02451.jpg,flight1_frame02451.jpg
flight1_frame02461.jpg,flight1_frame02461.jpg
flight1_frame02471.jpg,flight1_frame02471.jpg
flight1_frame02481.jpg,flight1_frame02481.jpg
flight1_frame02491.jpg,flight1_frame02491.jpg
flight1_frame02501.jpg,flight1_frame02501.jpg
flight1_frame02511.jpg,flight1_frame02511.jpg
flight1_frame02521.jpg,flight1_frame02521.jpg
flight1_frame02531.jpg,flight1_frame02531.jpg
flight1_frame02541.jpg,flight1_frame02541.jpg
flight1_frame02551.jpg,flight1_frame02551.jpg
flight1_frame02561.jpg,flight1_frame02561.jpg
flight1_frame02571.jpg,flight1_frame02571.jpg
flight1_frame02581.jpg,flight1_frame02581.jpg
flight1_frame02591.jpg,flight1_frame02591.jpg
flight1_frame02601.jpg,flight1_frame02601.jpg
flight1_frame02611.jpg,flight1_frame02611.jpg
flight1_frame02621.jpg,flight1_frame02621.jpg
flight1_frame02631.jpg,flight1_frame02631.jpg
flight1_frame02641.jpg,flight1_frame02641.jpg
flight1_frame02651.jpg,flight1_frame02651.jpg
flight1_frame02661.jpg,flight1_frame02661.jpg
flight1_frame02671.jpg,flight1_frame02671.jpg
flight1_frame02681.jpg,flight1_frame02681.jpg
flight1_frame02691.jpg,flight1_frame02691.jpg
flight1_frame02701.jpg,flight1_frame02701.jpg
flight1_frame02711.jpg,flight1_frame02711.jpg
flight1_frame02721.jpg,flight1_frame02721.jpg
flight1_frame02731.jpg,flight1_frame02731.jpg
flight1_frame02741.jpg,flight1_frame02741.jpg
flight1_frame02751.jpg,flight1_frame02751.jpg
flight1_frame02761.jpg,flight1_frame02761.jpg
flight1_frame02771.jpg,flight1_frame02771.jpg
flight1_frame02781.jpg,flight1_frame02781.jpg
flight1_frame02791.jpg,flight1_frame02791.jpg
flight1_frame02801.jpg,flight1_frame02801.jpg
flight1_frame02811.jpg,flight1_frame02811.jpg
flight1_frame02821.jpg,flight1_frame02821.jpg
flight1_frame02831.jpg,flight1_frame02831.jpg
flight1_frame02841.jpg,flight1_frame02841.jpg
flight1_frame02851.jpg,flight1_frame02851.jpg
flight1_frame02861.jpg,flight1_frame02861.jpg
flight1_frame02871.jpg,flight1_frame02871.jpg
flight1_frame02881.jpg,flight1_frame02881.jpg
flight1_frame02891.jpg,flight1_frame02891.jpg
flight1_frame02901.jpg,flight1_frame02901.jpg
flight1_frame02911.jpg,flight1_frame02911.jpg
flight1_frame02921.jpg,flight1_frame02921.jpg
flight1_frame02931.jpg,flight1_frame02931.jpg
flight1_frame02941.jpg,flight1_frame02941.jpg
flight1_frame02951.jpg,flight1_frame02951.jpg
flight1_frame02961.jpg,flight1_frame02961.jpg
flight1_frame02971.jpg,flight1_frame02971.jpg
flight1_frame02981.jpg,flight1_frame02981.jpg
flight1_frame02991.jpg,flight1_frame02991.jpg
flight1_frame03001.jpg,flight1_frame03001.jpg
flight1_frame03011.jpg,flight1_frame03011.jpg
flight1_frame03021.jpg,flight1_frame03021.jpg
flight1_frame03031.jpg,flight1_frame03031.jpg
flight1_frame03041.jpg,flight1_frame03041.jpg
flight1_frame03051.jpg,flight1_frame03051.jpg
flight1_frame03061.jpg,flight1_frame03061.jpg
flight1_frame03071.jpg,flight1_frame03071.jpg
flight1_frame03081.jpg,flight1_frame03081.jpg
flight1_frame03091.jpg,flight1_frame03091.jpg
flight1_frame03101.jpg,flight1_frame03101.jpg
flight1_frame03111.jpg,flight1_frame03111.jpg
flight1_frame03121.jpg,flight1_frame03121.jpg
flight1_frame03131.jpg,flight1_frame03131.jpg
flight1_frame03141.jpg,flight1_frame03141.jpg
flight1_frame03151.jpg,flight1_frame03151.jpg
flight1_frame03161.jpg,flight1_frame03161.jpg
flight1_frame03171.jpg,flight1_frame03171.jpg
flight1_frame03181.jpg,flight1_frame03181.jpg
flight1_frame03191.jpg,flight1_frame03191.jpg
flight1_frame03201.jpg,flight1_frame03201.jpg
flight1_frame03211.jpg,flight1_frame03211.jpg
flight1_frame03221.jpg,flight1_frame03221.jpg
flight1_frame03231.jpg,flight1_frame03231.jpg
flight1_frame03241.jpg,flight1_frame03241.jpg
flight1_frame03251.jpg,flight1_frame03251.jpg
flight1_frame03261.jpg,flight1_frame03261.jpg
flight1_frame03271.jpg,flight1_frame03271.jpg
flight1_frame03281.jpg,flight1_frame03281.jpg
flight1_frame03291.jpg,flight1_frame03291.jpg
flight1_frame03301.jpg,flight1_frame03301.jpg
flight1_frame03311.jpg,flight1_frame03311.jpg
flight1_frame03321.jpg,flight1_frame03321.jpg
flight1_frame03331.jpg,flight1_frame03331.jpg
flight1_frame03341.jpg,flight1_frame03341.jpg
flight1_frame03351.jpg,flight1_frame03351.jpg
flight1_frame03361.jpg,flight1_frame03361.jpg
flight1_frame03371.jpg,flight1_frame03371.jpg
flight1_frame03381.jpg,flight1_frame03381.jpg
flight1_frame03391.jpg,flight1_frame03391.jpg
flight1_frame03401.jpg,flight1_frame03401.jpg
flight1_frame03411.jpg,flight1_frame03411.jpg
flight1_frame03421.jpg,flight1_frame03421.jpg
flight1_frame03431.jpg,flight1_frame03431.jpg
flight1_frame03441.jpg,flight1_frame03441.jpg
flight1_frame03451.jpg,flight1_frame03451.jpg
flight1_frame03461.jpg,flight1_frame03461.jpg
flight1_frame03471.jpg,flight1_frame03471.jpg
flight1_frame03481.jpg,flight1_frame03481.jpg
flight1_frame03491.jpg,flight1_frame03491.jpg
flight1_frame03501.jpg,flight1_frame03501.jpg
flight1_frame03511.jpg,flight1_frame03511.jpg
flight1_frame03521.jpg,flight1_frame03521.jpg
flight1_frame03531.jpg,flight1_frame03531.jpg
flight1_frame03541.jpg,flight1_frame03541.jpg
flight1_frame03551.jpg,flight1_frame03551.jpg
flight1_frame03561.jpg,flight1_frame03561.jpg
flight1_frame03571.jpg,flight1_frame03571.jpg
flight1_frame03581.jpg,flight1_frame03581.jpg
flight1_frame03591.jpg,flight1_frame03591.jpg
flight1_frame03601.jpg,flight1_frame03601.jpg
flight1_frame03611.jpg,flight1_frame03611.jpg
flight1_frame03621.jpg,flight1_frame03621.jpg
flight1_frame03631.jpg,flight1_frame03631.jpg
flight1_frame03641.jpg,flight1_frame03641.jpg
flight1_frame03651.jpg,flight1_frame03651.jpg
flight1_frame03661.jpg,flight1_frame03661.jpg
flight1_frame03671.jpg,flight1_frame03671.jpg
flight1_frame03681.jpg,flight1_frame03681.jpg
flight1_frame03691.jpg,flight1_frame03691.jpg
flight1_frame03701.jpg,flight1_frame03701.jpg
flight1_frame03711.jpg,flight1_frame03711.jpg
flight1_frame03721.jpg,flight1_frame03721.jpg
flight1_frame03731.jpg,flight1_frame03731.jpg
flight1_frame03741.jpg,flight1_frame03741.jpg
flight1_frame03751.jpg,flight1_frame03751.jpg
flight1_frame03761.jpg,flight1_frame03761.jpg
flight1_frame03771.jpg,flight1_frame03771.jpg
flight1_frame03781.jpg,flight1_frame03781.jpg
flight1_frame03791.jpg,flight1_frame03791.jpg
flight1_frame03801.jpg,flight1_frame03801.jpg
flight1_frame03811.jpg,flight1_frame03811.jpg
flight1_frame03821.jpg,flight1_frame03821.jpg
flight1_frame03831.jpg,flight1_frame03831.jpg
flight1_frame03841.jpg,flight1_frame03841.jpg
flight1_frame03851.jpg,flight1_frame03851.jpg
flight1_frame03861.jpg,flight1_frame03861.jpg
flight1_frame03871.jpg,flight1_frame03871.jpg
flight1_frame03881.jpg,flight1_frame03881.jpg
flight1_frame03891.jpg,flight1_frame03891.jpg
flight1_frame03901.jpg,flight1_frame03901.jpg
flight1_frame03911.jpg,flight1_frame03911.jpg
flight1_frame03921.jpg,flight1_frame03921.jpg
flight1_frame03931.jpg,flight1_frame03931.jpg
flight1_frame03941.jpg,flight1_frame03941.jpg
flight1_frame03951.jpg,flight1_frame03951.jpg
flight1_frame03961.jpg,flight1_frame03961.jpg
flight1_frame03971.jpg,flight1_frame03971.jpg
flight1_frame03981.jpg,flight1_frame03981.jpg
flight1_frame03991.jpg,flight1_frame03991.jpg
flight1_frame04001.jpg,flight1_frame04001.jpg
flight1_frame04011.jpg,flight1_frame04011.jpg
flight1_frame04021.jpg,flight1_frame04021.jpg
flight1_frame04031.jpg,flight1_frame04031.jpg
flight1_frame04041.jpg,flight1_frame04041.jpg
flight1_frame04051.jpg,flight1_frame04051.jpg
flight1_frame04061.jpg,flight1_frame04061.jpg
flight1_frame04071.jpg,flight1_frame04071.jpg
flight1_frame04081.jpg,flight1_frame04081.jpg
flight1_frame04091.jpg,flight1_frame04091.jpg
flight2_frame00001.jpg,flight2_frame00001.jpg
flight2_frame00011.jpg,flight2_frame00011.jpg
flight2_frame00021.jpg,flight2_frame00021.jpg
flight2_frame00031.jpg,flight2_frame00031.jpg
flight2_frame00041.jpg,flight2_frame00041.jpg
flight2_frame00051.jpg,flight2_frame00051.jpg
flight2_frame00061.jpg,flight2_frame00061.jpg
flight2_frame00071.jpg,flight2_frame00071.jpg
flight2_frame00081.jpg,flight2_frame00081.jpg
flight2_frame00091.jpg,flight2_frame00091.jpg
flight2_frame00101.jpg,flight2_frame00101.jpg
flight2_frame00111.jpg,flight2_frame00111.jpg
flight2_frame00121.jpg,flight2_frame00121.jpg
flight2_frame00131.jpg,flight2_frame00131.jpg
flight2_frame00141.jpg,flight2_frame00141.jpg
flight2_frame00151.jpg,flight2_frame00151.jpg
flight2_frame00161.jpg,flight2_frame00161.jpg
flight2_frame00171.jpg,flight2_frame00171.jpg
flight2_frame00181.jpg,flight2_frame00181.jpg
flight2_frame00191.jpg,flight2_frame00191.jpg
flight2_frame00201.jpg,flight2_frame00201.jpg
flight2_frame00211.jpg,flight2_frame00211.jpg
flight2_frame00221.jpg,flight2_frame00221.jpg
flight2_frame00231.jpg,flight2_frame00231.jpg
flight2_frame00241.jpg,flight2_frame00241.jpg
flight2_frame00251.jpg,flight2_frame00251.jpg
flight2_frame00261.jpg,flight2_frame00261.jpg
flight2_frame00271.jpg,flight2_frame00271.jpg
flight2_frame00281.jpg,flight2_frame00281.jpg
flight2_frame00291.jpg,flight2_frame00291.jpg
flight2_frame00301.jpg,flight2_frame00301.jpg
flight2_frame00311.jpg,flight2_frame00311.jpg
flight2_frame00321.jpg,flight2_frame00321.jpg
flight2_frame00331.jpg,flight2_frame00331.jpg
flight2_frame00341.jpg,flight2_frame00341.jpg
flight2_frame00351.jpg,flight2_frame00351.jpg
flight2_frame00361.jpg,flight2_frame00361.jpg
flight2_frame00371.jpg,flight2_frame00371.jpg
flight2_frame00381.jpg,flight2_frame00381.jpg
flight2_frame00391.jpg,flight2_frame00391.jpg
flight2_frame00401.jpg,flight2_frame00401.jpg
flight2_frame00411.jpg,flight2_frame00411.jpg
flight2_frame00421.jpg,flight2_frame00421.jpg
flight2_frame00431.jpg,flight2_frame00431.jpg
flight2_frame00441.jpg,flight2_frame00441.jpg
flight2_frame00451.jpg,flight2_frame00451.jpg
flight2_frame00461.jpg,flight2_frame00461.jpg
flight2_frame00471.jpg,flight2_frame00471.jpg
flight2_frame00481.jpg,flight2_frame00481.jpg
flight2_frame00491.jpg,flight2_frame00491.jpg
flight2_frame00501.jpg,flight2_frame00501.jpg
flight2_frame00511.jpg,flight2_frame00511.jpg
flight2_frame00521.jpg,flight2_frame00521.jpg
flight2_frame00531.jpg,flight2_frame00531.jpg
flight2_frame00541.jpg,flight2_frame00541.jpg
flight2_frame00551.jpg,flight2_frame00551.jpg
flight2_frame00561.jpg,flight2_frame00561.jpg
flight2_frame00571.jpg,flight2_frame00571.jpg
flight2_frame00581.jpg,flight2_frame00581.jpg
flight2_frame00591.jpg,flight2_frame00591.jpg
flight2_frame00601.jpg,flight2_frame00601.jpg
flight2_frame00611.jpg,flight2_frame00611.jpg
flight2_frame00621.jpg,flight2_frame00621.jpg
flight2_frame00631.jpg,flight2_frame00631.jpg
flight2_frame00641.jpg,flight2_frame00641.jpg
flight2_frame00651.jpg,flight2_frame00651.jpg
flight2_frame00661.jpg,flight2_frame00661.jpg
flight2_frame00671.jpg,flight2_frame00671.jpg
flight2_frame00681.jpg,flight2_frame00681.jpg
flight2_frame00691.jpg,flight2_frame00691.jpg
flight2_frame00701.jpg,flight2_frame00701.jpg
flight2_frame00711.jpg,flight2_frame00711.jpg
flight2_frame00721.jpg,flight2_frame00721.jpg
flight2_frame00731.jpg,flight2_frame00731.jpg
flight2_frame00741.jpg,flight2_frame00741.jpg
flight2_frame00751.jpg,flight2_frame00751.jpg
flight2_frame00761.jpg,flight2_frame00761.jpg
flight2_frame00771.jpg,flight2_frame00771.jpg
flight2_frame00781.jpg,flight2_frame00781.jpg
flight2_frame00791.jpg,flight2_frame00791.jpg
flight2_frame00801.jpg,flight2_frame00801.jpg
flight2_frame00811.jpg,flight2_frame00811.jpg
flight2_frame00821.jpg,flight2_frame00821.jpg
flight2_frame00831.jpg,flight2_frame00831.jpg
flight2_frame00841.jpg,flight2_frame00841.jpg
flight2_frame00851.jpg,flight2_frame00851.jpg
flight2_frame00861.jpg,flight2_frame00861.jpg
flight2_frame00871.jpg,flight2_frame00871.jpg
flight2_frame00881.jpg,flight2_frame00881.jpg
flight2_frame00891.jpg,flight2_frame00891.jpg
flight2_frame00901.jpg,flight2_frame00901.jpg
flight2_frame00911.jpg,flight2_frame00911.jpg
flight2_frame00921.jpg,flight2_frame00921.jpg
flight2_frame00931.jpg,flight2_frame00931.jpg
flight2_frame00941.jpg,flight2_frame00941.jpg
flight2_frame00951.jpg,flight2_frame00951.jpg
flight2_frame00961.jpg,flight2_frame00961.jpg
flight2_frame00971.jpg,flight2_frame00971.jpg
flight2_frame00981.jpg,flight2_frame00981.jpg
flight2_frame00991.jpg,flight2_frame00991.jpg
flight2_frame01001.jpg,flight2_frame01001.jpg
flight2_frame01011.jpg,flight2_frame01011.jpg
flight2_frame01021.jpg,flight2_frame01021.jpg
flight2_frame01031.jpg,flight2_frame01031.jpg
flight2_frame01041.jpg,flight2_frame01041.jpg
flight2_frame01051.jpg,flight2_frame01051.jpg
flight2_frame01061.jpg,flight2_frame01061.jpg
flight2_frame01071.jpg,flight2_frame01071.jpg
flight2_frame01081.jpg,flight2_frame01081.jpg
flight2_frame01091.jpg,flight2_frame01091.jpg
flight2_frame01101.jpg,flight2_frame01101.jpg
flight2_frame01111.jpg,flight2_frame01111.jpg
flight2_frame01121.jpg,flight2_frame01121.jpg
flight2_frame01131.jpg,flight2_frame01131.jpg
flight2_frame01141.jpg,flight2_frame01141.jpg
flight2_frame01151.jpg,flight2_frame01151.jpg
flight2_frame01161.jpg,flight2_frame01161.jpg
flight2_frame01171.jpg,flight2_frame01171.jpg
flight2_frame01181.jpg,flight2_frame01181.jpg
flight2_frame01191.jpg,flight2_frame01191.jpg
flight2_frame01201.jpg,flight2_frame01201.jpg
flight2_frame01211.jpg,flight2_frame01211.jpg
flight2_frame01221.jpg,flight2_frame01221.jpg
flight2_frame01231.jpg,flight2_frame01231.jpg
flight2_frame01241.jpg,flight2_frame01241.jpg
flight2_frame01251.jpg,flight2_frame01251.jpg
flight2_frame01261.jpg,flight2_frame01261.jpg
flight2_frame01271.jpg,flight2_frame01271.jpg
flight2_frame01281.jpg,flight2_frame01281.jpg
flight2_frame01291.jpg,flight2_frame01291.jpg
flight2_frame01301.jpg,flight2_frame01301.jpg
flight2_frame01311.jpg,flight2_frame01311.jpg
flight2_frame01321.jpg,flight2_frame01321.jpg
flight2_frame01331.jpg,flight2_frame01331.jpg
flight2_frame01341.jpg,flight2_frame01341.jpg
flight2_frame01351.jpg,flight2_frame01351.jpg
flight2_frame01361.jpg,flight2_frame01361.jpg
flight2_frame01371.jpg,flight2_frame01371.jpg
flight2_frame01381.jpg,flight2_frame01381.jpg
flight2_frame01391.jpg,flight2_frame01391.jpg
flight2_frame01401.jpg,flight2_frame01401.jpg
flight2_frame01411.jpg,flight2_frame01411.jpg
flight2_frame01421.jpg,flight2_frame01421.jpg
flight2_frame01431.jpg,flight2_frame01431.jpg
flight2_frame01441.jpg,flight2_frame01441.jpg
flight2_frame01451.jpg,flight2_frame01451.jpg
flight2_frame01461.jpg,flight2_frame01461.jpg
flight2_frame01471.jpg,flight2_frame01471.jpg
flight2_frame01481.jpg,flight2_frame01481.jpg
flight2_frame01491.jpg,flight2_frame01491.jpg
flight2_frame01501.jpg,flight2_frame01501.jpg
flight2_frame01511.jpg,flight2_frame01511.jpg
flight2_frame01521.jpg,flight2_frame01521.jpg
flight2_frame01531.jpg,flight2_frame01531.jpg
flight2_frame01541.jpg,flight2_frame01541.jpg
flight2_frame01551.jpg,flight2_frame01551.jpg
flight2_frame01561.jpg,flight2_frame01561.jpg
flight2_frame01571.jpg,flight2_frame01571.jpg
flight2_frame01581.jpg,flight2_frame01581.jpg
flight2_frame01591.jpg,flight2_frame01591.jpg
flight2_frame01601.jpg,flight2_frame01601.jpg
flight2_frame01611.jpg,flight2_frame01611.jpg
flight2_frame01621.jpg,flight2_frame01621.jpg
flight2_frame01631.jpg,flight2_frame01631.jpg
flight2_frame01641.jpg,flight2_frame01641.jpg
flight2_frame01651.jpg,flight2_frame01651.jpg
flight2_frame01661.jpg,flight2_frame01661.jpg
flight2_frame01671.jpg,flight2_frame01671.jpg
flight2_frame01681.jpg,flight2_frame01681.jpg
flight2_frame01691.jpg,flight2_frame01691.jpg
flight2_frame01701.jpg,flight2_frame01701.jpg
flight2_frame01711.jpg,flight2_frame01711.jpg
flight2_frame01721.jpg,flight2_frame01721.jpg
flight2_frame01731.jpg,flight2_frame01731.jpg
flight2_frame01741.jpg,flight2_frame01741.jpg
flight2_frame01751.jpg,flight2_frame01751.jpg
flight2_frame01761.jpg,flight2_frame01761.jpg
flight2_frame01771.jpg,flight2_frame01771.jpg
flight2_frame01781.jpg,flight2_frame01781.jpg
flight2_frame01791.jpg,flight2_frame01791.jpg
flight2_frame01801.jpg,flight2_frame01801.jpg
flight2_frame01811.jpg,flight2_frame01811.jpg
flight2_frame01821.jpg,flight2_frame01821.jpg
flight2_frame01831.jpg,flight2_frame01831.jpg
flight2_frame01841.jpg,flight2_frame01841.jpg
flight2_frame01851.jpg,flight2_frame01851.jpg
flight2_frame01861.jpg,flight2_frame01861.jpg
flight2_frame01871.jpg,flight2_frame01871.jpg
flight2_frame01881.jpg,flight2_frame01881.jpg
flight2_frame01891.jpg,flight2_frame01891.jpg
flight2_frame01901.jpg,flight2_frame01901.jpg
flight2_frame01911.jpg,flight2_frame01911.jpg
flight2_frame01921.jpg,flight2_frame01921.jpg
flight2_frame01931.jpg,flight2_frame01931.jpg
flight2_frame01941.jpg,flight2_frame01941.jpg
flight2_frame01951.jpg,flight2_frame01951.jpg
flight2_frame01961.jpg,flight2_frame01961.jpg
flight2_frame01971.jpg,flight2_frame01971.jpg
flight2_frame01981.jpg,flight2_frame01981.jpg
flight2_frame01991.jpg,flight2_frame01991.jpg
flight2_frame02001.jpg,flight2_frame02001.jpg
flight2_frame02011.jpg,flight2_frame02011.jpg
flight2_frame02021.jpg,flight2_frame02021.jpg
flight2_frame02031.jpg,flight2_frame02031.jpg
flight2_frame02041.jpg,flight2_frame02041.jpg
flight2_frame02051.jpg,flight2_frame02051.jpg
flight2_frame02061.jpg,flight2_frame02061.jpg
flight2_frame02071.jpg,flight2_frame02071.jpg
flight2_frame02081.jpg,flight2_frame02081.jpg
flight2_frame02091.jpg,flight2_frame02091.jpg
flight2_frame02101.jpg,flight2_frame02101.jpg
flight2_frame02111.jpg,flight2_frame02111.jpg
flight2_frame02121.jpg,flight2_frame02121.jpg
flight2_frame02131.jpg,flight2_frame02131.jpg
flight2_frame02141.jpg,flight2_frame02141.jpg
flight2_frame02151.jpg,flight2_frame02151.jpg
flight2_frame02161.jpg,flight2_frame02161.jpg
flight2_frame02171.jpg,flight2_frame02171.jpg
flight2_frame02181.jpg,flight2_frame02181.jpg
flight2_frame02191.jpg,flight2_frame02191.jpg
flight2_frame02201.jpg,flight2_frame02201.jpg
flight2_frame02211.jpg,flight2_frame02211.jpg
flight2_frame02221.jpg,flight2_frame02221.jpg
flight2_frame02261.jpg,flight2_frame02261.jpg
flight2_frame02271.jpg,flight2_frame02271.jpg
flight2_frame02281.jpg,flight2_frame02281.jpg
flight2_frame02291.jpg,flight2_frame02291.jpg
flight2_frame02301.jpg,flight2_frame02301.jpg
flight2_frame02311.jpg,flight2_frame02311.jpg
flight2_frame02321.jpg,flight2_frame02321.jpg
flight2_frame02331.jpg,flight2_frame02331.jpg
flight2_frame02341.jpg,flight2_frame02341.jpg
flight2_frame02351.jpg,flight2_frame02351.jpg
flight2_frame02361.jpg,flight2_frame02361.jpg
flight2_frame02371.jpg,flight2_frame02371.jpg
flight2_frame02381.jpg,flight2_frame02381.jpg
flight2_frame02391.jpg,flight2_frame02391.jpg
flight2_frame02401.jpg,flight2_frame02401.jpg
flight2_frame02411.jpg,flight2_frame02411.jpg
flight2_frame02421.jpg,flight2_frame02421.jpg
flight2_frame02431.jpg,flight2_frame02431.jpg
flight2_frame02441.jpg,flight2_frame02441.jpg
flight2_frame02451.jpg,flight2_frame02451.jpg
flight2_frame02461.jpg,flight2_frame02461.jpg
flight2_frame02471.jpg,flight2_frame02471.jpg
flight2_frame02481.jpg,flight2_frame02481.jpg
flight2_frame02491.jpg,flight2_frame02491.jpg
flight2_frame02501.jpg,flight2_frame02501.jpg
flight2_frame02511.jpg,flight2_frame02511.jpg
flight2_frame02521.jpg,flight2_frame02521.jpg
flight2_frame02531.jpg,flight2_frame02531.jpg
flight2_frame02541.jpg,flight2_frame02541.jpg
flight2_frame02551.jpg,flight2_frame02551.jpg
flight2_frame02561.jpg,flight2_frame02561.jpg
flight2_frame02571.jpg,flight2_frame02571.jpg
flight2_frame02581.jpg,flight2_frame02581.jpg
flight2_frame02591.jpg,flight2_frame02591.jpg
flight2_frame02601.jpg,flight2_frame02601.jpg
flight2_frame02611.jpg,flight2_frame02611.jpg
flight2_frame02621.jpg,flight2_frame02621.jpg
flight2_frame02631.jpg,flight2_frame02631.jpg
flight2_frame02641.jpg,flight2_frame02641.jpg
flight2_frame02651.jpg,flight2_frame02651.jpg
flight2_frame02661.jpg,flight2_frame02661.jpg
flight2_frame02671.jpg,flight2_frame02671.jpg
flight2_frame02681.jpg,flight2_frame02681.jpg
flight2_frame02691.jpg,flight2_frame02691.jpg
flight2_frame02701.jpg,flight2_frame02701.jpg
flight2_frame02711.jpg,flight2_frame02711.jpg
flight2_frame02721.jpg,flight2_frame02721.jpg
flight2_frame02731.jpg,flight2_frame02731.jpg
flight2_frame02741.jpg,flight2_frame02741.jpg
flight2_frame02751.jpg,flight2_frame02751.jpg
flight2_frame02761.jpg,flight2_frame02761.jpg
flight2_frame02771.jpg,flight2_frame02771.jpg
flight2_frame02781.jpg,flight2_frame02781.jpg
flight2_frame02791.jpg,flight2_frame02791.jpg
flight2_frame02801.jpg,flight2_frame02801.jpg
flight2_frame02811.jpg,flight2_frame02811.jpg
flight2_frame02821.jpg,flight2_frame02821.jpg
flight2_frame02831.jpg,flight2_frame02831.jpg
flight2_frame02841.jpg,flight2_frame02841.jpg
flight2_frame02851.jpg,flight2_frame02851.jpg
flight2_frame02861.jpg,flight2_frame02861.jpg
flight2_frame02871.jpg,flight2_frame02871.jpg
flight2_frame02881.jpg,flight2_frame02881.jpg
flight2_frame02891.jpg,flight2_frame02891.jpg
flight2_frame02901.jpg,flight2_frame02901.jpg
flight2_frame02911.jpg,flight2_frame02911.jpg
flight2_frame02921.jpg,flight2_frame02921.jpg
flight2_frame02931.jpg,flight2_frame02931.jpg
flight2_frame02941.jpg,flight2_frame02941.jpg
flight2_frame02951.jpg,flight2_frame02951.jpg
flight2_frame02961.jpg,flight2_frame02961.jpg
flight2_frame02971.jpg,flight2_frame02971.jpg
flight2_frame02981.jpg,flight2_frame02981.jpg
flight2_frame02991.jpg,flight2_frame02991.jpg
flight2_frame03001.jpg,flight2_frame03001.jpg
flight2_frame03011.jpg,flight2_frame03011.jpg
flight2_frame03021.jpg,flight2_frame03021.jpg
flight2_frame03031.jpg,flight2_frame03031.jpg
flight2_frame03041.jpg,flight2_frame03041.jpg
flight2_frame03051.jpg,flight2_frame03051.jpg
flight2_frame03061.jpg,flight2_frame03061.jpg
flight2_frame03071.jpg,flight2_frame03071.jpg
flight2_frame03081.jpg,flight2_frame03081.jpg
flight2_frame03091.jpg,flight2_frame03091.jpg
flight2_frame03101.jpg,flight2_frame03101.jpg
flight2_frame03111.jpg,flight2_frame03111.jpg
flight2_frame03121.jpg,flight2_frame03121.jpg
flight2_frame03131.jpg,flight2_frame03131.jpg
flight2_frame03141.jpg,flight2_frame03141.jpg
flight2_frame03151.jpg,flight2_frame03151.jpg
flight2_frame03161.jpg,flight2_frame03161.jpg
flight2_frame03171.jpg,flight2_frame03171.jpg
flight2_frame03181.jpg,flight2_frame03181.jpg
flight2_frame03191.jpg,flight2_frame03191.jpg
flight2_frame03201.jpg,flight2_frame03201.jpg
flight2_frame03211.jpg,flight2_frame03211.jpg
flight2_frame03221.jpg,flight2_frame03221.jpg
flight2_frame03231.jpg,flight2_frame03231.jpg
flight2_frame03241.jpg,flight2_frame03241.jpg
flight2_frame03251.jpg,flight2_frame03251.jpg
flight2_frame03261.jpg,flight2_frame03261.jpg
flight2_frame03271.jpg,flight2_frame03271.jpg
flight2_frame03281.jpg,flight2_frame03281.jpg
flight2_frame03291.jpg,flight2_frame03291.jpg
flight2_frame03301.jpg,flight2_frame03301.jpg
flight2_frame03311.jpg,flight2_frame03311.jpg
flight2_frame03321.jpg,flight2_frame03321.jpg
flight2_frame03331.jpg,flight2_frame03331.jpg
flight2_frame03341.jpg,flight2_frame03341.jpg
flight2_frame03351.jpg,flight2_frame03351.jpg
flight2_frame03361.jpg,flight2_frame03361.jpg
flight2_frame03371.jpg,flight2_frame03371.jpg
flight2_frame03381.jpg,flight2_frame03381.jpg
flight2_frame03391.jpg,flight2_frame03391.jpg
flight2_frame03401.jpg,flight2_frame03401.jpg
flight2_frame03411.jpg,flight2_frame03411.jpg
flight2_frame03421.jpg,flight2_frame03421.jpg
flight2_frame03431.jpg,flight2_frame03431.jpg
flight2_frame03441.jpg,flight2_frame03441.jpg
flight2_frame03451.jpg,flight2_frame03451.jpg
flight2_frame03461.jpg,flight2_frame03461.jpg
flight2_frame03471.jpg,flight2_frame03471.jpg
flight2_frame03481.jpg,flight2_frame03481.jpg
flight2_frame03491.jpg,flight2_frame03491.jpg
flight2_frame03501.jpg,flight2_frame03501.jpg
flight2_frame03511.jpg,flight2_frame03511.jpg
flight2_frame03521.jpg,flight2_frame03521.jpg
flight2_frame03531.jpg,flight2_frame03531.jpg
flight2_frame03541.jpg,flight2_frame03541.jpg
flight2_frame03551.jpg,flight2_frame03551.jpg
flight2_frame03561.jpg,flight2_frame03561.jpg
flight2_frame03571.jpg,flight2_frame03571.jpg
flight2_frame03581.jpg,flight2_frame03581.jpg
flight2_frame03591.jpg,flight2_frame03591.jpg
flight2_frame03601.jpg,flight2_frame03601.jpg
flight2_frame03611.jpg,flight2_frame03611.jpg
flight2_frame03621.jpg,flight2_frame03621.jpg
flight2_frame03631.jpg,flight2_frame03631.jpg
flight2_frame03641.jpg,flight2_frame03641.jpg
flight2_frame03651.jpg,flight2_frame03651.jpg
flight2_frame03661.jpg,flight2_frame03661.jpg
flight2_frame03671.jpg,flight2_frame03671.jpg
flight2_frame03681.jpg,flight2_frame03681.jpg
flight2_frame03691.jpg,flight2_frame03691.jpg
flight2_frame03701.jpg,flight2_frame03701.jpg
flight2_frame03711.jpg,flight2_frame03711.jpg
flight2_frame03721.jpg,flight2_frame03721.jpg
flight2_frame03731.jpg,flight2_frame03731.jpg
flight2_frame03741.jpg,flight2_frame03741.jpg
flight2_frame03751.jpg,flight2_frame03751.jpg
flight2_frame03761.jpg,flight2_frame03761.jpg
flight2_frame03771.jpg,flight2_frame03771.jpg
flight2_frame03781.jpg,flight2_frame03781.jpg
flight2_frame03791.jpg,flight2_frame03791.jpg
flight2_frame03801.jpg,flight2_frame03801.jpg
flight2_frame03811.jpg,flight2_frame03811.jpg
flight2_frame03821.jpg,flight2_frame03821.jpg
flight2_frame03831.jpg,flight2_frame03831.jpg
flight2_frame03841.jpg,flight2_frame03841.jpg
flight2_frame03851.jpg,flight2_frame03851.jpg
flight2_frame03861.jpg,flight2_frame03861.jpg
flight2_frame03871.jpg,flight2_frame03871.jpg
flight2_frame03881.jpg,flight2_frame03881.jpg
flight2_frame03891.jpg,flight2_frame03891.jpg
flight2_frame03901.jpg,flight2_frame03901.jpg
flight2_frame03911.jpg,flight2_frame03911.jpg
flight2_frame03921.jpg,flight2_frame03921.jpg
flight2_frame03931.jpg,flight2_frame03931.jpg
flight2_frame03941.jpg,flight2_frame03941.jpg
flight2_frame03951.jpg,flight2_frame03951.jpg
flight2_frame03961.jpg,flight2_frame03961.jpg
flight2_frame03991.jpg,flight2_frame03991.jpg
flight2_frame04001.jpg,flight2_frame04001.jpg
flight2_frame04011.jpg,flight2_frame04011.jpg
flight2_frame04021.jpg,flight2_frame04021.jpg
flight2_frame04031.jpg,flight2_frame04031.jpg
flight2_frame04041.jpg,flight2_frame04041.jpg
flight2_frame04051.jpg,flight2_frame04051.jpg
flight2_frame04061.jpg,flight2_frame04061.jpg
flight2_frame04071.jpg,flight2_frame04071.jpg
flight2_frame04081.jpg,flight2_frame04081.jpg
flight2_frame04091.jpg,flight2_frame04091.jpg
flight2_frame04101.jpg,flight2_frame04101.jpg
flight2_frame04111.jpg,flight2_frame04111.jpg
flight2_frame04121.jpg,flight2_frame04121.jpg
flight2_frame04131.jpg,flight2_frame04131.jpg
flight2_frame04141.jpg,flight2_frame04141.jpg
flight2_frame04151.jpg,flight2_frame04151.jpg
flight2_frame04161.jpg,flight2_frame04161.jpg
flight2_frame04171.jpg,flight2_frame04171.jpg
flight2_frame04181.jpg,flight2_frame04181.jpg
flight2_frame04191.jpg,flight2_frame04191.jpg
flight2_frame04201.jpg,flight2_frame04201.jpg
flight2_frame04211.jpg,flight2_frame04211.jpg
flight2_frame04221.jpg,flight2_frame04221.jpg
flight2_frame04231.jpg,flight2_frame04231.jpg
flight2_frame04241.jpg,flight2_frame04241.jpg
flight2_frame04251.jpg,flight2_frame04251.jpg
flight2_frame04261.jpg,flight2_frame04261.jpg
flight2_frame04271.jpg,flight2_frame04271.jpg
flight2_frame04281.jpg,flight2_frame04281.jpg
flight2_frame04291.jpg,flight2_frame04291.jpg
flight2_frame04301.jpg,flight2_frame04301.jpg
flight2_frame04311.jpg,flight2_frame04311.jpg
flight2_frame04321.jpg,flight2_frame04321.jpg
flight2_frame04331.jpg,flight2_frame04331.jpg
flight2_frame04341.jpg,flight2_frame04341.jpg
flight2_frame04351.jpg,flight2_frame04351.jpg
flight2_frame04361.jpg,flight2_frame04361.jpg
flight2_frame04371.jpg,flight2_frame04371.jpg
flight2_frame04381.jpg,flight2_frame04381.jpg
flight2_frame04391.jpg,flight2_frame04391.jpg
flight2_frame04401.jpg,flight2_frame04401.jpg
flight2_frame04411.jpg,flight2_frame04411.jpg
flight2_frame04421.jpg,flight2_frame04421.jpg
flight2_frame04431.jpg,flight2_frame04431.jpg
flight2_frame04441.jpg,flight2_frame04441.jpg
flight2_frame04451.jpg,flight2_frame04451.jpg
flight2_frame04461.jpg,flight2_frame04461.jpg
flight2_frame04471.jpg,flight2_frame04471.jpg
flight2_frame04481.jpg,flight2_frame04481.jpg
flight2_frame04491.jpg,flight2_frame04491.jpg
flight2_frame04501.jpg,flight2_frame04501.jpg
flight2_frame04511.jpg,flight2_frame04511.jpg
flight2_frame04521.jpg,flight2_frame04521.jpg
flight2_frame04531.jpg,flight2_frame04531.jpg
flight2_frame04541.jpg,flight2_frame04541.jpg
flight2_frame04551.jpg,flight2_frame04551.jpg
flight2_frame04561.jpg,flight2_frame04561.jpg
flight2_frame04571.jpg,flight2_frame04571.jpg
flight2_frame04581.jpg,flight2_frame04581.jpg
flight2_frame04591.jpg,flight2_frame04591.jpg
flight2_frame04601.jpg,flight2_frame04601.jpg
flight2_frame04611.jpg,flight2_frame04611.jpg
flight2_frame04621.jpg,flight2_frame04621.jpg
flight2_frame04631.jpg,flight2_frame04631.jpg
flight2_frame04641.jpg,flight2_frame04641.jpg
flight2_frame04651.jpg,flight2_frame04651.jpg
flight2_frame04661.jpg,flight2_frame04661.jpg
flight2_frame04671.jpg,flight2_frame04671.jpg
flight2_frame04681.jpg,flight2_frame04681.jpg
flight2_frame04691.jpg,flight2_frame04691.jpg
flight2_frame04701.jpg,flight2_frame04701.jpg
flight2_frame04711.jpg,flight2_frame04711.jpg
flight2_frame04721.jpg,flight2_frame04721.jpg
flight2_frame04731.jpg,flight2_frame04731.jpg
flight2_frame04741.jpg,flight2_frame04741.jpg
flight2_frame04751.jpg,flight2_frame04751.jpg
flight2_frame04761.jpg,flight2_frame04761.jpg
flight2_frame04771.jpg,flight2_frame04771.jpg
flight2_frame04781.jpg,flight2_frame04781.jpg
flight2_frame04791.jpg,flight2_frame04791.jpg
flight2_frame04801.jpg,flight2_frame04801.jpg
flight2_frame04811.jpg,flight2_frame04811.jpg
flight2_frame04821.jpg,flight2_frame04821.jpg
flight2_frame04831.jpg,flight2_frame04831.jpg
flight2_frame04841.jpg,flight2_frame04841.jpg
flight2_frame04851.jpg,flight2_frame04851.jpg
flight2_frame04861.jpg,flight2_frame04861.jpg
flight2_frame04871.jpg,flight2_frame04871.jpg
flight2_frame04881.jpg,flight2_frame04881.jpg
flight2_frame04891.jpg,flight2_frame04891.jpg
flight2_frame04901.jpg,flight2_frame04901.jpg
flight2_frame04911.jpg,flight2_frame04911.jpg
flight2_frame04921.jpg,flight2_frame04921.jpg
flight2_frame04931.jpg,flight2_frame04931.jpg
flight2_frame04941.jpg,flight2_frame04941.jpg
flight2_frame04951.jpg,flight2_frame04951.jpg
flight2_frame04961.jpg,flight2_frame04961.jpg
flight2_frame04971.jpg,flight2_frame04971.jpg
flight2_frame04981.jpg,flight2_frame04981.jpg
flight2_frame04991.jpg,flight2_frame04991.jpg
flight2_frame05001.jpg,flight2_frame05001.jpg
flight2_frame05011.jpg,flight2_frame05011.jpg
flight2_frame05021.jpg,flight2_frame05021.jpg
flight2_frame05031.jpg,flight2_frame05031.jpg
flight2_frame05041.jpg,flight2_frame05041.jpg
flight2_frame05051.jpg,flight2_frame05051.jpg
flight2_frame05061.jpg,flight2_frame05061.jpg
flight2_frame05071.jpg,flight2_frame05071.jpg
flight2_frame05081.jpg,flight2_frame05081.jpg
flight2_frame05091.jpg,flight2_frame05091.jpg
flight2_frame05101.jpg,flight2_frame05101.jpg
flight2_frame05111.jpg,flight2_frame05111.jpg
flight2_frame05121.jpg,flight2_frame05121.jpg
flight2_frame05131.jpg,flight2_frame05131.jpg
flight2_frame05141.jpg,flight2_frame05141.jpg
flight2_frame05151.jpg,flight2_frame05151.jpg
flight2_frame05161.jpg,flight2_frame05161.jpg
flight2_frame05171.jpg,flight2_frame05171.jpg
flight2_frame05181.jpg,flight2_frame05181.jpg
flight2_frame05191.jpg,flight2_frame05191.jpg
flight2_frame05201.jpg,flight2_frame05201.jpg
flight2_frame05211.jpg,flight2_frame05211.jpg
flight2_frame05221.jpg,flight2_frame05221.jpg
flight2_frame05231.jpg,flight2_frame05231.jpg
flight2_frame05241.jpg,flight2_frame05241.jpg
flight2_frame05251.jpg,flight2_frame05251.jpg
flight2_frame05261.jpg,flight2_frame05261.jpg
flight2_frame05271.jpg,flight2_frame05271.jpg
flight2_frame05281.jpg,flight2_frame05281.jpg
flight2_frame05291.jpg,flight2_frame05291.jpg
flight2_frame05301.jpg,flight2_frame05301.jpg
flight2_frame05311.jpg,flight2_frame05311.jpg
flight2_frame05321.jpg,flight2_frame05321.jpg
flight2_frame05331.jpg,flight2_frame05331.jpg
flight2_frame05341.jpg,flight2_frame05341.jpg
flight2_frame05351.jpg,flight2_frame05351.jpg
flight2_frame05361.jpg,flight2_frame05361.jpg
flight2_frame05371.jpg,flight2_frame05371.jpg
flight2_frame05381.jpg,flight2_frame05381.jpg
flight2_frame05391.jpg,flight2_frame05391.jpg
flight2_frame05401.jpg,flight2_frame05401.jpg
flight2_frame05411.jpg,flight2_frame05411.jpg
flight2_frame05421.jpg,flight2_frame05421.jpg
flight2_frame05431.jpg,flight2_frame05431.jpg
flight2_frame05441.jpg,flight2_frame05441.jpg
flight2_frame05451.jpg,flight2_frame05451.jpg
flight2_frame05461.jpg,flight2_frame05461.jpg
flight2_frame05471.jpg,flight2_frame05471.jpg
flight2_frame05481.jpg,flight2_frame05481.jpg
flight2_frame05491.jpg,flight2_frame05491.jpg
flight2_frame05501.jpg,flight2_frame05501.jpg
flight2_frame05511.jpg,flight2_frame05511.jpg
flight2_frame05521.jpg,flight2_frame05521.jpg
flight2_frame05531.jpg,flight2_frame05531.jpg
flight2_frame05541.jpg,flight2_frame05541.jpg
flight2_frame05551.jpg,flight2_frame05551.jpg
flight2_frame05561.jpg,flight2_frame05561.jpg
flight2_frame05571.jpg,flight2_frame05571.jpg
flight2_frame05581.jpg,flight2_frame05581.jpg
flight2_frame05591.jpg,flight2_frame05591.jpg
flight2_frame05601.jpg,flight2_frame05601.jpg
flight2_frame05611.jpg,flight2_frame05611.jpg
flight2_frame05621.jpg,flight2_frame05621.jpg
flight2_frame05631.jpg,flight2_frame05631.jpg
flight2_frame05641.jpg,flight2_frame05641.jpg
flight2_frame05651.jpg,flight2_frame05651.jpg
flight2_frame05661.jpg,flight2_frame05661.jpg
flight2_frame05671.jpg,flight2_frame05671.jpg
flight2_frame05681.jpg,flight2_frame05681.jpg
flight2_frame05691.jpg,flight2_frame05691.jpg
flight2_frame05701.jpg,flight2_frame05701.jpg
flight2_frame05711.jpg,flight2_frame05711.jpg
flight2_frame05721.jpg,flight2_frame05721.jpg
flight2_frame05731.jpg,flight2_frame05731.jpg
flight2_frame05741.jpg,flight2_frame05741.jpg
flight2_frame05751.jpg,flight2_frame05751.jpg
flight2_frame05761.jpg,flight2_frame05761.jpg
flight2_frame05771.jpg,flight2_frame05771.jpg
flight2_frame05781.jpg,flight2_frame05781.jpg
flight2_frame05791.jpg,flight2_frame05791.jpg
flight2_frame05801.jpg,flight2_frame05801.jpg
flight2_frame05811.jpg,flight2_frame05811.jpg
flight2_frame05821.jpg,flight2_frame05821.jpg
flight2_frame05831.jpg,flight2_frame05831.jpg
flight2_frame05841.jpg,flight2_frame05841.jpg
flight2_frame05851.jpg,flight2_frame05851.jpg
flight2_frame05861.jpg,flight2_frame05861.jpg
flight2_frame05871.jpg,flight2_frame05871.jpg
flight2_frame05881.jpg,flight2_frame05881.jpg
flight2_frame05891.jpg,flight2_frame05891.jpg
flight2_frame05901.jpg,flight2_frame05901.jpg
flight2_frame05911.jpg,flight2_frame05911.jpg
flight2_frame05921.jpg,flight2_frame05921.jpg
flight2_frame05931.jpg,flight2_frame05931.jpg
flight2_frame05941.jpg,flight2_frame05941.jpg
flight2_frame05951.jpg,flight2_frame05951.jpg
flight2_frame05961.jpg,flight2_frame05961.jpg
flight2_frame05971.jpg,flight2_frame05971.jpg
flight2_frame05981.jpg,flight2_frame05981.jpg
flight2_frame05991.jpg,flight2_frame05991.jpg
flight2_frame06001.jpg,flight2_frame06001.jpg
flight2_frame06011.jpg,flight2_frame06011.jpg
flight2_frame06021.jpg,flight2_frame06021.jpg
flight2_frame06031.jpg,flight2_frame06031.jpg
flight2_frame06041.jpg,flight2_frame06041.jpg
flight2_frame06051.jpg,flight2_frame06051.jpg
flight2_frame06061.jpg,flight2_frame06061.jpg
flight2_frame06071.jpg,flight2_frame06071.jpg
flight2_frame06081.jpg,flight2_frame06081.jpg
flight2_frame06091.jpg,flight2_frame06091.jpg
flight2_frame06101.jpg,flight2_frame06101.jpg
flight2_frame06111.jpg,flight2_frame06111.jpg
flight2_frame06121.jpg,flight2_frame06121.jpg
flight2_frame06131.jpg,flight2_frame06131.jpg
flight2_frame06141.jpg,flight2_frame06141.jpg
flight2_frame06151.jpg,flight2_frame06151.jpg
flight2_frame06161.jpg,flight2_frame06161.jpg
flight2_frame06171.jpg,flight2_frame06171.jpg
flight2_frame06181.jpg,flight2_frame06181.jpg
flight2_frame06191.jpg,flight2_frame06191.jpg
flight2_frame06201.jpg,flight2_frame06201.jpg
flight2_frame06211.jpg,flight2_frame06211.jpg
flight2_frame06221.jpg,flight2_frame06221.jpg
flight2_frame06231.jpg,flight2_frame06231.jpg
flight2_frame06241.jpg,flight2_frame06241.jpg
flight2_frame06251.jpg,flight2_frame06251.jpg
flight2_frame06261.jpg,flight2_frame06261.jpg
flight2_frame06271.jpg,flight2_frame06271.jpg
flight2_frame06281.jpg,flight2_frame06281.jpg
flight2_frame06291.jpg,flight2_frame06291.jpg
flight2_frame06301.jpg,flight2_frame06301.jpg
flight2_frame06311.jpg,flight2_frame06311.jpg
flight2_frame06321.jpg,flight2_frame06321.jpg
flight2_frame06331.jpg,flight2_frame06331.jpg
flight2_frame06341.jpg,flight2_frame06341.jpg
flight2_frame06351.jpg,flight2_frame06351.jpg
flight2_frame06361.jpg,flight2_frame06361.jpg
flight2_frame06371.jpg,flight2_frame06371.jpg
flight2_frame06381.jpg,flight2_frame06381.jpg
flight2_frame06391.jpg,flight2_frame06391.jpg
flight2_frame06401.jpg,flight2_frame06401.jpg
flight2_frame06411.jpg,flight2_frame06411.jpg
flight2_frame06421.jpg,flight2_frame06421.jpg
flight2_frame06431.jpg,flight2_frame06431.jpg
flight2_frame06441.jpg,flight2_frame06441.jpg
flight2_frame06451.jpg,flight2_frame06451.jpg
flight2_frame06461.jpg,flight2_frame06461.jpg
flight2_frame06471.jpg,flight2_frame06471.jpg
flight2_frame06481.jpg,flight2_frame06481.jpg
flight2_frame06491.jpg,flight2_frame06491.jpg
flight2_frame06501.jpg,flight2_frame06501.jpg
flight2_frame06511.jpg,flight2_frame06511.jpg
flight2_frame06521.jpg,flight2_frame06521.jpg
flight2_frame06531.jpg,flight2_frame06531.jpg
flight2_frame06541.jpg,flight2_frame06541.jpg
flight2_frame06551.jpg,flight2_frame06551.jpg
flight2_frame06561.jpg,flight2_frame06561.jpg
flight2_frame06571.jpg,flight2_frame06571.jpg
flight2_frame06581.jpg,flight2_frame06581.jpg
flight2_frame06591.jpg,flight2_frame06591.jpg
flight2_frame06601.jpg,flight2_frame06601.jpg
flight2_frame06611.jpg,flight2_frame06611.jpg
flight2_frame06621.jpg,flight2_frame06621.jpg
flight2_frame06631.jpg,flight2_frame06631.jpg
flight2_frame06641.jpg,flight2_frame06641.jpg
flight2_frame06651.jpg,flight2_frame06651.jpg
flight2_frame06661.jpg,flight2_frame06661.jpg
flight2_frame06671.jpg,flight2_frame06671.jpg
flight2_frame06681.jpg,flight2_frame06681.jpg
flight2_frame06691.jpg,flight2_frame06691.jpg
flight2_frame06701.jpg,flight2_frame06701.jpg
flight2_frame06711.jpg,flight2_frame06711.jpg
flight2_frame06721.jpg,flight2_frame06721.jpg
flight2_frame06731.jpg,flight2_frame06731.jpg
flight2_frame06741.jpg,flight2_frame06741.jpg
flight2_frame06751.jpg,flight2_frame06751.jpg
flight2_frame06761.jpg,flight2_frame06761.jpg
flight2_frame06771.jpg,flight2_frame06771.jpg
flight2_frame06781.jpg,flight2_frame06781.jpg
flight2_frame06791.jpg,flight2_frame06791.jpg
flight2_frame06801.jpg,flight2_frame06801.jpg
flight2_frame06811.jpg,flight2_frame06811.jpg
flight2_frame06821.jpg,flight2_frame06821.jpg
flight2_frame06831.jpg,flight2_frame06831.jpg
flight2_frame06841.jpg,flight2_frame06841.jpg
flight2_frame06851.jpg,flight2_frame06851.jpg
flight2_frame06861.jpg,flight2_frame06861.jpg
flight2_frame06871.jpg,flight2_frame06871.jpg
flight2_frame06881.jpg,flight2_frame06881.jpg
flight2_frame06891.jpg,flight2_frame06891.jpg
flight2_frame06901.jpg,flight2_frame06901.jpg
flight2_frame06911.jpg,flight2_frame06911.jpg
flight2_frame06921.jpg,flight2_frame06921.jpg
flight2_frame06931.jpg,flight2_frame06931.jpg
flight2_frame06941.jpg,flight2_frame06941.jpg
flight2_frame06951.jpg,flight2_frame06951.jpg
flight2_frame06961.jpg,flight2_frame06961.jpg
flight2_frame06971.jpg,flight2_frame06971.jpg
flight2_frame06981.jpg,flight2_frame06981.jpg
flight2_frame06991.jpg,flight2_frame06991.jpg
flight2_frame07001.jpg,flight2_frame07001.jpg
flight2_frame07011.jpg,flight2_frame07011.jpg
flight2_frame07021.jpg,flight2_frame07021.jpg
flight2_frame07031.jpg,flight2_frame07031.jpg
flight2_frame07071.jpg,flight2_frame07071.jpg
flight2_frame07081.jpg,flight2_frame07081.jpg
flight2_frame07091.jpg,flight2_frame07091.jpg
flight2_frame07101.jpg,flight2_frame07101.jpg
flight2_frame07111.jpg,flight2_frame07111.jpg
flight2_frame07121.jpg,flight2_frame07121.jpg
flight2_frame07131.jpg,flight2_frame07131.jpg
flight2_frame07141.jpg,flight2_frame07141.jpg
flight2_frame07151.jpg,flight2_frame07151.jpg
flight2_frame07161.jpg,flight2_frame07161.jpg
flight2_frame07171.jpg,flight2_frame07171.jpg
flight2_frame07181.jpg,flight2_frame07181.jpg
flight2_frame07191.jpg,flight2_frame07191.jpg
flight2_frame07201.jpg,flight2_frame07201.jpg
flight2_frame07211.jpg,flight2_frame07211.jpg
flight2_frame07221.jpg,flight2_frame07221.jpg
flight2_frame07231.jpg,flight2_frame07231.jpg
flight2_frame07241.jpg,flight2_frame07241.jpg
flight2_frame07251.jpg,flight2_frame07251.jpg
flight2_frame07261.jpg,flight2_frame07261.jpg
flight2_frame07271.jpg,flight2_frame07271.jpg
flight2_frame07281.jpg,flight2_frame07281.jpg
flight2_frame07291.jpg,flight2_frame07291.jpg
flight2_frame07301.jpg,flight2_frame07301.jpg
flight2_frame07311.jpg,flight2_frame07311.jpg
flight2_frame07321.jpg,flight2_frame07321.jpg
flight2_frame07331.jpg,flight2_frame07331.jpg
flight2_frame07341.jpg,flight2_frame07341.jpg
flight2_frame07351.jpg,flight2_frame07351.jpg
flight2_frame07361.jpg,flight2_frame07361.jpg
flight2_frame07371.jpg,flight2_frame07371.jpg
flight2_frame07381.jpg,flight2_frame07381.jpg
flight2_frame07391.jpg,flight2_frame07391.jpg
flight2_frame07401.jpg,flight2_frame07401.jpg
flight2_frame07411.jpg,flight2_frame07411.jpg
flight2_frame07421.jpg,flight2_frame07421.jpg
flight2_frame07431.jpg,flight2_frame07431.jpg
flight2_frame07441.jpg,flight2_frame07441.jpg
flight2_frame07451.jpg,flight2_frame07451.jpg
flight2_frame07461.jpg,flight2_frame07461.jpg
flight2_frame07471.jpg,flight2_frame07471.jpg
flight2_frame07481.jpg,flight2_frame07481.jpg
flight2_frame07491.jpg,flight2_frame07491.jpg
flight2_frame07501.jpg,flight2_frame07501.jpg
flight2_frame07511.jpg,flight2_frame07511.jpg
flight2_frame07521.jpg,flight2_frame07521.jpg
flight2_frame07531.jpg,flight2_frame07531.jpg
flight2_frame07541.jpg,flight2_frame07541.jpg
flight2_frame07551.jpg,flight2_frame07551.jpg
flight2_frame07561.jpg,flight2_frame07561.jpg
flight2_frame07571.jpg,flight2_frame07571.jpg
flight2_frame07581.jpg,flight2_frame07581.jpg
flight2_frame07591.jpg,flight2_frame07591.jpg
flight2_frame07601.jpg,flight2_frame07601.jpg
flight2_frame07611.jpg,flight2_frame07611.jpg
flight2_frame07621.jpg,flight2_frame07621.jpg
flight2_frame07631.jpg,flight2_frame07631.jpg
flight2_frame07641.jpg,flight2_frame07641.jpg
flight2_frame07651.jpg,flight2_frame07651.jpg
flight2_frame07661.jpg,flight2_frame07661.jpg
flight2_frame07671.jpg,flight2_frame07671.jpg
flight2_frame07681.jpg,flight2_frame07681.jpg
flight2_frame07691.jpg,flight2_frame07691.jpg
flight2_frame07701.jpg,flight2_frame07701.jpg
flight2_frame07711.jpg,flight2_frame07711.jpg
flight2_frame07721.jpg,flight2_frame07721.jpg
flight2_frame07731.jpg,flight2_frame07731.jpg
flight2_frame07741.jpg,flight2_frame07741.jpg
flight2_frame07751.jpg,flight2_frame07751.jpg
flight2_frame07761.jpg,flight2_frame07761.jpg
flight2_frame07771.jpg,flight2_frame07771.jpg
flight2_frame07781.jpg,flight2_frame07781.jpg
flight2_frame07791.jpg,flight2_frame07791.jpg
flight2_frame07801.jpg,flight2_frame07801.jpg
flight2_frame07811.jpg,flight2_frame07811.jpg
flight2_frame07821.jpg,flight2_frame07821.jpg
flight2_frame07831.jpg,flight2_frame07831.jpg
flight2_frame07841.jpg,flight2_frame07841.jpg
flight2_frame07851.jpg,flight2_frame07851.jpg
flight2_frame07861.jpg,flight2_frame07861.jpg
flight2_frame07871.jpg,flight2_frame07871.jpg
flight2_frame07881.jpg,flight2_frame07881.jpg
flight2_frame07891.jpg,flight2_frame07891.jpg
flight2_frame07901.jpg,flight2_frame07901.jpg
flight2_frame07911.jpg,flight2_frame07911.jpg
flight2_frame07921.jpg,flight2_frame07921.jpg
flight2_frame07931.jpg,flight2_frame07931.jpg
flight2_frame07941.jpg,flight2_frame07941.jpg
flight2_frame07951.jpg,flight2_frame07951.jpg
flight2_frame07961.jpg,flight2_frame07961.jpg
flight2_frame07971.jpg,flight2_frame07971.jpg
flight2_frame07981.jpg,flight2_frame07981.jpg
flight2_frame07991.jpg,flight2_frame07991.jpg
flight2_frame08001.jpg,flight2_frame08001.jpg
flight2_frame08011.jpg,flight2_frame08011.jpg
flight2_frame08021.jpg,flight2_frame08021.jpg
flight2_frame08031.jpg,flight2_frame08031.jpg
flight2_frame08041.jpg,flight2_frame08041.jpg
flight2_frame08051.jpg,flight2_frame08051.jpg
flight2_frame08061.jpg,flight2_frame08061.jpg
flight2_frame08071.jpg,flight2_frame08071.jpg
flight2_frame08081.jpg,flight2_frame08081.jpg
flight2_frame08091.jpg,flight2_frame08091.jpg
flight2_frame08101.jpg,flight2_frame08101.jpg
flight2_frame08111.jpg,flight2_frame08111.jpg
flight2_frame08121.jpg,flight2_frame08121.jpg
flight2_frame08131.jpg,flight2_frame08131.jpg
flight2_frame08141.jpg,flight2_frame08141.jpg
flight2_frame08151.jpg,flight2_frame08151.jpg
flight2_frame08161.jpg,flight2_frame08161.jpg
flight2_frame08171.jpg,flight2_frame08171.jpg
flight2_frame08181.jpg,flight2_frame08181.jpg
flight2_frame08191.jpg,flight2_frame08191.jpg
flight2_frame08201.jpg,flight2_frame08201.jpg
flight2_frame08211.jpg,flight2_frame08211.jpg
flight2_frame08221.jpg,flight2_frame08221.jpg
flight2_frame08231.jpg,flight2_frame08231.jpg
flight2_frame08241.jpg,flight2_frame08241.jpg
flight2_frame08251.jpg,flight2_frame08251.jpg
flight2_frame08261.jpg,flight2_frame08261.jpg
flight2_frame08271.jpg,flight2_frame08271.jpg
flight2_frame08281.jpg,flight2_frame08281.jpg
flight2_frame08291.jpg,flight2_frame08291.jpg
flight2_frame08301.jpg,flight2_frame08301.jpg
flight2_frame08311.jpg,flight2_frame08311.jpg
flight2_frame08321.jpg,flight2_frame08321.jpg
flight2_frame08331.jpg,flight2_frame08331.jpg
flight2_frame08341.jpg,flight2_frame08341.jpg
flight2_frame08351.jpg,flight2_frame08351.jpg
flight2_frame08361.jpg,flight2_frame08361.jpg
flight2_frame08371.jpg,flight2_frame08371.jpg
flight2_frame08381.jpg,flight2_frame08381.jpg
flight2_frame08391.jpg,flight2_frame08391.jpg
flight2_frame08401.jpg,flight2_frame08401.jpg
flight2_frame08411.jpg,flight2_frame08411.jpg
flight2_frame08421.jpg,flight2_frame08421.jpg
flight2_frame08431.jpg,flight2_frame08431.jpg
flight2_frame08441.jpg,flight2_frame08441.jpg
flight2_frame08451.jpg,flight2_frame08451.jpg
flight2_frame08461.jpg,flight2_frame08461.jpg
flight2_frame08471.jpg,flight2_frame08471.jpg
flight2_frame08481.jpg,flight2_frame08481.jpg
flight2_frame08491.jpg,flight2_frame08491.jpg
flight2_frame08501.jpg,flight2_frame08501.jpg
flight2_frame08511.jpg,flight2_frame08511.jpg
flight2_frame08521.jpg,flight2_frame08521.jpg
flight2_frame08531.jpg,flight2_frame08531.jpg
flight2_frame08541.jpg,flight2_frame08541.jpg
flight2_frame08581.jpg,flight2_frame08581.jpg
flight2_frame08591.jpg,flight2_frame08591.jpg
flight2_frame08601.jpg,flight2_frame08601.jpg
flight2_frame08611.jpg,flight2_frame08611.jpg
flight2_frame08621.jpg,flight2_frame08621.jpg
flight2_frame08631.jpg,flight2_frame08631.jpg
flight2_frame08641.jpg,flight2_frame08641.jpg
flight2_frame08651.jpg,flight2_frame08651.jpg
flight2_frame08661.jpg,flight2_frame08661.jpg
flight2_frame08671.jpg,flight2_frame08671.jpg
flight2_frame08681.jpg,flight2_frame08681.jpg
flight2_frame08691.jpg,flight2_frame08691.jpg
flight2_frame08701.jpg,flight2_frame08701.jpg
flight2_frame08711.jpg,flight2_frame08711.jpg
flight2_frame08721.jpg,flight2_frame08721.jpg
flight2_frame08731.jpg,flight2_frame08731.jpg
flight2_frame08741.jpg,flight2_frame08741.jpg
flight2_frame08751.jpg,flight2_frame08751.jpg
flight2_frame08761.jpg,flight2_frame08761.jpg
flight2_frame08771.jpg,flight2_frame08771.jpg
flight2_frame08781.jpg,flight2_frame08781.jpg
flight2_frame08791.jpg,flight2_frame08791.jpg
flight2_frame08801.jpg,flight2_frame08801.jpg
flight2_frame08811.jpg,flight2_frame08811.jpg
flight2_frame08821.jpg,flight2_frame08821.jpg
flight2_frame08831.jpg,flight2_frame08831.jpg
flight2_frame08841.jpg,flight2_frame08841.jpg
flight2_frame08851.jpg,flight2_frame08851.jpg
flight2_frame08861.jpg,flight2_frame08861.jpg
flight2_frame08871.jpg,flight2_frame08871.jpg
flight2_frame08881.jpg,flight2_frame08881.jpg
flight2_frame08891.jpg,flight2_frame08891.jpg
flight2_frame08901.jpg,flight2_frame08901.jpg
flight2_frame08911.jpg,flight2_frame08911.jpg
flight2_frame08921.jpg,flight2_frame08921.jpg
flight2_frame08931.jpg,flight2_frame08931.jpg
flight2_frame08941.jpg,flight2_frame08941.jpg
flight2_frame08951.jpg,flight2_frame08951.jpg
flight2_frame08961.jpg,flight2_frame08961.jpg
flight2_frame08971.jpg,flight2_frame08971.jpg
flight2_frame08981.jpg,flight2_frame08981.jpg
flight2_frame08991.jpg,flight2_frame08991.jpg
flight2_frame09001.jpg,flight2_frame09001.jpg
flight2_frame09011.jpg,flight2_frame09011.jpg
flight2_frame09021.jpg,flight2_frame09021.jpg
flight2_frame09031.jpg,flight2_frame09031.jpg
flight2_frame09041.jpg,flight2_frame09041.jpg
flight2_frame09051.jpg,flight2_frame09051.jpg
flight2_frame09061.jpg,flight2_frame09061.jpg
flight2_frame09071.jpg,flight2_frame09071.jpg
flight2_frame09081.jpg,flight2_frame09081.jpg
flight2_frame09091.jpg,flight2_frame09091.jpg
flight2_frame09101.jpg,flight2_frame09101.jpg
flight2_frame09111.jpg,flight2_frame09111.jpg
flight2_frame09121.jpg,flight2_frame09121.jpg
flight2_frame09131.jpg,flight2_frame09131.jpg
flight2_frame09141.jpg,flight2_frame09141.jpg
flight2_frame09151.jpg,flight2_frame09151.jpg
flight2_frame09161.jpg,flight2_frame09161.jpg
flight2_frame09171.jpg,flight2_frame09171.jpg
flight2_frame09181.jpg,flight2_frame09181.jpg
flight2_frame09191.jpg,flight2_frame09191.jpg
flight2_frame09201.jpg,flight2_frame09201.jpg
flight2_frame09211.jpg,flight2_frame09211.jpg
flight2_frame09221.jpg,flight2_frame09221.jpg
flight2_frame09231.jpg,flight2_frame09231.jpg
flight2_frame09241.jpg,flight2_frame09241.jpg
flight2_frame09251.jpg,flight2_frame09251.jpg
flight2_frame09261.jpg,flight2_frame09261.jpg
flight2_frame09271.jpg,flight2_frame09271.jpg
flight2_frame09281.jpg,flight2_frame09281.jpg
flight2_frame09291.jpg,flight2_frame09291.jpg
flight2_frame09301.jpg,flight2_frame09301.jpg
flight2_frame09311.jpg,flight2_frame09311.jpg
flight2_frame09321.jpg,flight2_frame09321.jpg
flight2_frame09331.jpg,flight2_frame09331.jpg
flight2_frame09341.jpg,flight2_frame09341.jpg
flight2_frame09351.jpg,flight2_frame09351.jpg
flight2_frame09361.jpg,flight2_frame09361.jpg
flight2_frame09371.jpg,flight2_frame09371.jpg
flight2_frame09381.jpg,flight2_frame09381.jpg
flight2_frame09391.jpg,flight2_frame09391.jpg
flight2_frame09401.jpg,flight2_frame09401.jpg
flight2_frame09411.jpg,flight2_frame09411.jpg
flight2_frame09421.jpg,flight2_frame09421.jpg
flight2_frame09431.jpg,flight2_frame09431.jpg
flight2_frame09441.jpg,flight2_frame09441.jpg
flight2_frame09451.jpg,flight2_frame09451.jpg
flight2_frame09461.jpg,flight2_frame09461.jpg
flight2_frame09471.jpg,flight2_frame09471.jpg
flight2_frame09481.jpg,flight2_frame09481.jpg
flight2_frame09491.jpg,flight2_frame09491.jpg
flight2_frame09501.jpg,flight2_frame09501.jpg
flight2_frame09511.jpg,flight2_frame09511.jpg
flight2_frame09521.jpg,flight2_frame09521.jpg
flight2_frame09531.jpg,flight2_frame09531.jpg
flight2_frame09541.jpg,flight2_frame09541.jpg
flight2_frame09551.jpg,flight2_frame09551.jpg
flight2_frame09561.jpg,flight2_frame09561.jpg
flight2_frame09571.jpg,flight2_frame09571.jpg
flight2_frame09581.jpg,flight2_frame09581.jpg
flight2_frame09591.jpg,flight2_frame09591.jpg
flight2_frame09601.jpg,flight2_frame09601.jpg
flight2_frame09611.jpg,flight2_frame09611.jpg
flight2_frame09621.jpg,flight2_frame09621.jpg
flight2_frame09631.jpg,flight2_frame09631.jpg
flight2_frame09641.jpg,flight2_frame09641.jpg
flight2_frame09651.jpg,flight2_frame09651.jpg
flight2_frame09661.jpg,flight2_frame09661.jpg
flight2_frame09671.jpg,flight2_frame09671.jpg
flight2_frame09681.jpg,flight2_frame09681.jpg
flight2_frame09691.jpg,flight2_frame09691.jpg
flight2_frame09701.jpg,flight2_frame09701.jpg
flight2_frame09711.jpg,flight2_frame09711.jpg
flight2_frame09721.jpg,flight2_frame09721.jpg
flight2_frame09731.jpg,flight2_frame09731.jpg
flight2_frame09741.jpg,flight2_frame09741.jpg
flight2_frame09751.jpg,flight2_frame09751.jpg
flight2_frame09761.jpg,flight2_frame09761.jpg
flight2_frame09771.jpg,flight2_frame09771.jpg
flight2_frame09781.jpg,flight2_frame09781.jpg
flight2_frame09791.jpg,flight2_frame09791.jpg
flight2_frame09801.jpg,flight2_frame09801.jpg
flight2_frame09811.jpg,flight2_frame09811.jpg
flight2_frame09821.jpg,flight2_frame09821.jpg
flight2_frame09831.jpg,flight2_frame09831.jpg
flight2_frame09841.jpg,flight2_frame09841.jpg
flight2_frame09851.jpg,flight2_frame09851.jpg
flight2_frame09861.jpg,flight2_frame09861.jpg
flight2_frame09871.jpg,flight2_frame09871.jpg
flight2_frame09881.jpg,flight2_frame09881.jpg
flight2_frame09891.jpg,flight2_frame09891.jpg
flight2_frame09901.jpg,flight2_frame09901.jpg
flight2_frame09911.jpg,flight2_frame09911.jpg
flight2_frame09921.jpg,flight2_frame09921.jpg
flight2_frame09931.jpg,flight2_frame09931.jpg
flight2_frame09941.jpg,flight2_frame09941.jpg
flight2_frame09951.jpg,flight2_frame09951.jpg
flight2_frame09961.jpg,flight2_frame09961.jpg
flight2_frame09971.jpg,flight2_frame09971.jpg
flight2_frame09981.jpg,flight2_frame09981.jpg
flight2_frame09991.jpg,flight2_frame09991.jpg
flight2_frame10001.jpg,flight2_frame10001.jpg
flight2_frame10011.jpg,flight2_frame10011.jpg
flight2_frame10021.jpg,flight2_frame10021.jpg
flight2_frame10031.jpg,flight2_frame10031.jpg
flight2_frame10041.jpg,flight2_frame10041.jpg
flight2_frame10051.jpg,flight2_frame10051.jpg
flight2_frame10061.jpg,flight2_frame10061.jpg
flight2_frame10071.jpg,flight2_frame10071.jpg
flight2_frame10081.jpg,flight2_frame10081.jpg
flight2_frame10091.jpg,flight2_frame10091.jpg
flight2_frame10101.jpg,flight2_frame10101.jpg
flight2_frame10111.jpg,flight2_frame10111.jpg
flight2_frame10121.jpg,flight2_frame10121.jpg
flight2_frame10131.jpg,flight2_frame10131.jpg
flight2_frame10141.jpg,flight2_frame10141.jpg
flight2_frame10151.jpg,flight2_frame10151.jpg
flight2_frame10161.jpg,flight2_frame10161.jpg
flight2_frame10171.jpg,flight2_frame10171.jpg
flight2_frame10181.jpg,flight2_frame10181.jpg
flight2_frame10191.jpg,flight2_frame10191.jpg
flight2_frame10201.jpg,flight2_frame10201.jpg
flight2_frame10211.jpg,flight2_frame10211.jpg
flight2_frame10221.jpg,flight2_frame10221.jpg
flight2_frame10231.jpg,flight2_frame10231.jpg
flight2_frame10241.jpg,flight2_frame10241.jpg
flight2_frame10251.jpg,flight2_frame10251.jpg
flight2_frame10261.jpg,flight2_frame10261.jpg
flight2_frame10271.jpg,flight2_frame10271.jpg
flight2_frame10281.jpg,flight2_frame10281.jpg
flight2_frame10291.jpg,flight2_frame10291.jpg
flight2_frame10301.jpg,flight2_frame10301.jpg
flight2_frame10311.jpg,flight2_frame10311.jpg
flight2_frame10321.jpg,flight2_frame10321.jpg
flight2_frame10331.jpg,flight2_frame10331.jpg
flight2_frame10341.jpg,flight2_frame10341.jpg
flight2_frame10351.jpg,flight2_frame10351.jpg
flight2_frame10361.jpg,flight2_frame10361.jpg
flight2_frame10371.jpg,flight2_frame10371.jpg
flight2_frame10381.jpg,flight2_frame10381.jpg
flight2_frame10391.jpg,flight2_frame10391.jpg
flight2_frame10401.jpg,flight2_frame10401.jpg
flight2_frame10411.jpg,flight2_frame10411.jpg
flight2_frame10421.jpg,flight2_frame10421.jpg
flight2_frame10431.jpg,flight2_frame10431.jpg
flight2_frame10441.jpg,flight2_frame10441.jpg
flight2_frame10451.jpg,flight2_frame10451.jpg
flight2_frame10461.jpg,flight2_frame10461.jpg
flight2_frame10471.jpg,flight2_frame10471.jpg
flight2_frame10481.jpg,flight2_frame10481.jpg
flight2_frame10491.jpg,flight2_frame10491.jpg
flight2_frame10501.jpg,flight2_frame10501.jpg
flight2_frame10511.jpg,flight2_frame10511.jpg
flight2_frame10521.jpg,flight2_frame10521.jpg
flight2_frame10531.jpg,flight2_frame10531.jpg
flight2_frame10541.jpg,flight2_frame10541.jpg
flight2_frame10551.jpg,flight2_frame10551.jpg
flight2_frame10561.jpg,flight2_frame10561.jpg
flight2_frame10571.jpg,flight2_frame10571.jpg
flight2_frame10581.jpg,flight2_frame10581.jpg
flight2_frame10591.jpg,flight2_frame10591.jpg
flight2_frame10601.jpg,flight2_frame10601.jpg
flight2_frame10611.jpg,flight2_frame10611.jpg
flight2_frame10621.jpg,flight2_frame10621.jpg
flight2_frame10631.jpg,flight2_frame10631.jpg
flight2_frame10641.jpg,flight2_frame10641.jpg
flight2_frame10651.jpg,flight2_frame10651.jpg
flight2_frame10661.jpg,flight2_frame10661.jpg
flight2_frame10671.jpg,flight2_frame10671.jpg
flight2_frame10681.jpg,flight2_frame10681.jpg
flight2_frame10691.jpg,flight2_frame10691.jpg
flight2_frame10701.jpg,flight2_frame10701.jpg
flight2_frame10711.jpg,flight2_frame10711.jpg
flight2_frame10721.jpg,flight2_frame10721.jpg
flight2_frame10731.jpg,flight2_frame10731.jpg
flight2_frame10741.jpg,flight2_frame10741.jpg
flight2_frame10751.jpg,flight2_frame10751.jpg
flight2_frame10761.jpg,flight2_frame10761.jpg
flight2_frame10771.jpg,flight2_frame10771.jpg
flight2_frame10781.jpg,flight2_frame10781.jpg
flight2_frame10791.jpg,flight2_frame10791.jpg
flight2_frame10801.jpg,flight2_frame10801.jpg
flight2_frame10811.jpg,flight2_frame10811.jpg
flight2_frame10821.jpg,flight2_frame10821.jpg
flight2_frame10831.jpg,flight2_frame10831.jpg
flight2_frame10841.jpg,flight2_frame10841.jpg
flight2_frame10851.jpg,flight2_frame10851.jpg
flight2_frame10861.jpg,flight2_frame10861.jpg
flight2_frame10871.jpg,flight2_frame10871.jpg
flight2_frame10881.jpg,flight2_frame10881.jpg
flight2_frame10891.jpg,flight2_frame10891.jpg
flight2_frame10901.jpg,flight2_frame10901.jpg
flight2_frame10911.jpg,flight2_frame10911.jpg
flight2_frame10921.jpg,flight2_frame10921.jpg
flight2_frame10931.jpg,flight2_frame10931.jpg
flight2_frame10941.jpg,flight2_frame10941.jpg
flight2_frame10951.jpg,flight2_frame10951.jpg
flight2_frame10961.jpg,flight2_frame10961.jpg
flight2_frame10971.jpg,flight2_frame10971.jpg
flight2_frame10981.jpg,flight2_frame10981.jpg
flight2_frame10991.jpg,flight2_frame10991.jpg
flight2_frame11001.jpg,flight2_frame11001.jpg
flight2_frame11011.jpg,flight2_frame11011.jpg
flight2_frame11021.jpg,flight2_frame11021.jpg
flight2_frame11031.jpg,flight2_frame11031.jpg
flight2_frame11041.jpg,flight2_frame11041.jpg
flight2_frame11051.jpg,flight2_frame11051.jpg
flight2_frame11061.jpg,flight2_frame11061.jpg
flight2_frame11071.jpg,flight2_frame11071.jpg
flight2_frame11081.jpg,flight2_frame11081.jpg
flight2_frame11091.jpg,flight2_frame11091.jpg
flight2_frame11101.jpg,flight2_frame11101.jpg
flight2_frame11111.jpg,flight2_frame11111.jpg
flight2_frame11121.jpg,flight2_frame11121.jpg
flight2_frame11131.jpg,flight2_frame11131.jpg
flight2_frame11141.jpg,flight2_frame11141.jpg
flight2_frame11151.jpg,flight2_frame11151.jpg
flight2_frame11161.jpg,flight2_frame11161.jpg
flight2_frame11171.jpg,flight2_frame11171.jpg
flight2_frame11181.jpg,flight2_frame11181.jpg
flight2_frame11191.jpg,flight2_frame11191.jpg
flight2_frame11201.jpg,flight2_frame11201.jpg
flight2_frame11211.jpg,flight2_frame11211.jpg
flight2_frame11221.jpg,flight2_frame11221.jpg
flight2_frame11231.jpg,flight2_frame11231.jpg
flight2_frame11241.jpg,flight2_frame11241.jpg
flight2_frame11251.jpg,flight2_frame11251.jpg
flight2_frame11261.jpg,flight2_frame11261.jpg
flight2_frame11271.jpg,flight2_frame11271.jpg
flight2_frame11281.jpg,flight2_frame11281.jpg
flight2_frame11291.jpg,flight2_frame11291.jpg
flight2_frame11301.jpg,flight2_frame11301.jpg
flight2_frame11311.jpg,flight2_frame11311.jpg
flight2_frame11321.jpg,flight2_frame11321.jpg
flight2_frame11331.jpg,flight2_frame11331.jpg
flight2_frame11341.jpg,flight2_frame11341.jpg
flight2_frame11351.jpg,flight2_frame11351.jpg
flight2_frame11361.jpg,flight2_frame11361.jpg
flight2_frame11371.jpg,flight2_frame11371.jpg
flight2_frame11381.jpg,flight2_frame11381.jpg
flight2_frame11391.jpg,flight2_frame11391.jpg
flight2_frame11401.jpg,flight2_frame11401.jpg
flight2_frame11411.jpg,flight2_frame11411.jpg
flight2_frame11421.jpg,flight2_frame11421.jpg
flight2_frame11431.jpg,flight2_frame11431.jpg
flight2_frame11441.jpg,flight2_frame11441.jpg
flight2_frame11451.jpg,flight2_frame11451.jpg
flight2_frame11461.jpg,flight2_frame11461.jpg
flight2_frame11471.jpg,flight2_frame11471.jpg
flight2_frame11481.jpg,flight2_frame11481.jpg
flight2_frame11491.jpg,flight2_frame11491.jpg
flight2_frame11501.jpg,flight2_frame11501.jpg
flight2_frame11511.jpg,flight2_frame11511.jpg
flight2_frame11521.jpg,flight2_frame11521.jpg
flight2_frame11531.jpg,flight2_frame11531.jpg
flight2_frame11541.jpg,flight2_frame11541.jpg
flight2_frame11551.jpg,flight2_frame11551.jpg
flight2_frame11561.jpg,flight2_frame11561.jpg
flight2_frame11571.jpg,flight2_frame11571.jpg
flight2_frame11581.jpg,flight2_frame11581.jpg
flight2_frame11591.jpg,flight2_frame11591.jpg
flight2_frame11601.jpg,flight2_frame11601.jpg
flight2_frame11611.jpg,flight2_frame11611.jpg
flight2_frame11621.jpg,flight2_frame11621.jpg
flight2_frame11631.jpg,flight2_frame11631.jpg
flight2_frame11641.jpg,flight2_frame11641.jpg
flight2_frame11651.jpg,flight2_frame11651.jpg
flight2_frame11661.jpg,flight2_frame11661.jpg
flight2_frame11671.jpg,flight2_frame11671.jpg
flight2_frame11681.jpg,flight2_frame11681.jpg
flight2_frame11691.jpg,flight2_frame11691.jpg
flight2_frame11701.jpg,flight2_frame11701.jpg
flight2_frame11711.jpg,flight2_frame11711.jpg
flight2_frame11721.jpg,flight2_frame11721.jpg
flight2_frame11731.jpg,flight2_frame11731.jpg
flight2_frame11741.jpg,flight2_frame11741.jpg
flight2_frame11751.jpg,flight2_frame11751.jpg
flight2_frame11761.jpg,flight2_frame11761.jpg
flight2_frame11771.jpg,flight2_frame11771.jpg
flight2_frame11781.jpg,flight2_frame11781.jpg
flight2_frame11791.jpg,flight2_frame11791.jpg
flight2_frame11801.jpg,flight2_frame11801.jpg
flight2_frame11811.jpg,flight2_frame11811.jpg
flight2_frame11821.jpg,flight2_frame11821.jpg
flight2_frame11831.jpg,flight2_frame11831.jpg
flight2_frame11841.jpg,flight2_frame11841.jpg
flight2_frame11851.jpg,flight2_frame11851.jpg
flight2_frame11861.jpg,flight2_frame11861.jpg
flight2_frame11871.jpg,flight2_frame11871.jpg
flight2_frame11881.jpg,flight2_frame11881.jpg
flight2_frame11891.jpg,flight2_frame11891.jpg
flight2_frame11901.jpg,flight2_frame11901.jpg
flight2_frame11911.jpg,flight2_frame11911.jpg
flight2_frame11921.jpg,flight2_frame11921.jpg
flight2_frame11931.jpg,flight2_frame11931.jpg
flight2_frame11941.jpg,flight2_frame11941.jpg
flight2_frame11951.jpg,flight2_frame11951.jpg
flight2_frame11961.jpg,flight2_frame11961.jpg
flight2_frame11971.jpg,flight2_frame11971.jpg
flight2_frame11981.jpg,flight2_frame11981.jpg
flight2_frame11991.jpg,flight2_frame11991.jpg
flight2_frame12001.jpg,flight2_frame12001.jpg
flight2_frame12011.jpg,flight2_frame12011.jpg
flight2_frame12021.jpg,flight2_frame12021.jpg
flight2_frame12031.jpg,flight2_frame12031.jpg
flight2_frame12041.jpg,flight2_frame12041.jpg
flight2_frame12051.jpg,flight2_frame12051.jpg
flight2_frame12061.jpg,flight2_frame12061.jpg
flight2_frame12071.jpg,flight2_frame12071.jpg
flight2_frame12081.jpg,flight2_frame12081.jpg
flight2_frame12091.jpg,flight2_frame12091.jpg
flight2_frame12101.jpg,flight2_frame12101.jpg
flight2_frame12111.jpg,flight2_frame12111.jpg
flight2_frame12121.jpg,flight2_frame12121.jpg
flight2_frame12131.jpg,flight2_frame12131.jpg
flight2_frame12141.jpg,flight2_frame12141.jpg
flight2_frame12151.jpg,flight2_frame12151.jpg
flight2_frame12161.jpg,flight2_frame12161.jpg
flight2_frame12171.jpg,flight2_frame12171.jpg
flight2_frame12181.jpg,flight2_frame12181.jpg
flight2_frame12191.jpg,flight2_frame12191.jpg
flight2_frame12201.jpg,flight2_frame12201.jpg
flight2_frame12211.jpg,flight2_frame12211.jpg
flight2_frame12221.jpg,flight2_frame12221.jpg
flight2_frame12231.jpg,flight2_frame12231.jpg
flight2_frame12241.jpg,flight2_frame12241.jpg
flight2_frame12251.jpg,flight2_frame12251.jpg
flight2_frame12261.jpg,flight2_frame12261.jpg
flight2_frame12271.jpg,flight2_frame12271.jpg
flight2_frame12281.jpg,flight2_frame12281.jpg
flight2_frame12291.jpg,flight2_frame12291.jpg
flight2_frame12301.jpg,flight2_frame12301.jpg
flight2_frame12311.jpg,flight2_frame12311.jpg
flight2_frame12321.jpg,flight2_frame12321.jpg
flight2_frame12331.jpg,flight2_frame12331.jpg
flight2_frame12341.jpg,flight2_frame12341.jpg
flight2_frame12351.jpg,flight2_frame12351.jpg
flight2_frame12361.jpg,flight2_frame12361.jpg
flight2_frame12371.jpg,flight2_frame12371.jpg
flight2_frame12381.jpg,flight2_frame12381.jpg
flight2_frame12391.jpg,flight2_frame12391.jpg
flight2_frame12401.jpg,flight2_frame12401.jpg
flight2_frame12411.jpg,flight2_frame12411.jpg
flight2_frame12421.jpg,flight2_frame12421.jpg
flight2_frame12431.jpg,flight2_frame12431.jpg
flight2_frame12441.jpg,flight2_frame12441.jpg
flight2_frame12451.jpg,flight2_frame12451.jpg
flight2_frame12461.jpg,flight2_frame12461.jpg
flight2_frame12471.jpg,flight2_frame12471.jpg
flight2_frame12481.jpg,flight2_frame12481.jpg
flight2_frame12491.jpg,flight2_frame12491.jpg
flight2_frame12501.jpg,flight2_frame12501.jpg
flight2_frame12511.jpg,flight2_frame12511.jpg
flight2_frame12521.jpg,flight2_frame12521.jpg
flight2_frame12531.jpg,flight2_frame12531.jpg
flight2_frame12541.jpg,flight2_frame12541.jpg
flight2_frame12551.jpg,flight2_frame12551.jpg
flight2_frame12561.jpg,flight2_frame12561.jpg
flight2_frame12571.jpg,flight2_frame12571.jpg
flight2_frame12581.jpg,flight2_frame12581.jpg
flight2_frame12591.jpg,flight2_frame12591.jpg
flight2_frame12601.jpg,flight2_frame12601.jpg
flight2_frame12611.jpg,flight2_frame12611.jpg
flight2_frame12621.jpg,flight2_frame12621.jpg
flight2_frame12631.jpg,flight2_frame12631.jpg
flight2_frame12641.jpg,flight2_frame12641.jpg
flight2_frame12651.jpg,flight2_frame12651.jpg
flight2_frame12661.jpg,flight2_frame12661.jpg
flight2_frame12671.jpg,flight2_frame12671.jpg
flight2_frame12681.jpg,flight2_frame12681.jpg
flight2_frame12691.jpg,flight2_frame12691.jpg
flight2_frame12701.jpg,flight2_frame12701.jpg
flight2_frame12711.jpg,flight2_frame12711.jpg
flight2_frame12721.jpg,flight2_frame12721.jpg
flight2_frame12731.jpg,flight2_frame12731.jpg
flight2_frame12741.jpg,flight2_frame12741.jpg
flight2_frame12751.jpg,flight2_frame12751.jpg
flight2_frame12761.jpg,flight2_frame12761.jpg
flight2_frame12771.jpg,flight2_frame12771.jpg
flight2_frame12781.jpg,flight2_frame12781.jpg
flight2_frame12791.jpg,flight2_frame12791.jpg
flight2_frame12801.jpg,flight2_frame12801.jpg
flight2_frame12811.jpg,flight2_frame12811.jpg
flight2_frame12821.jpg,flight2_frame12821.jpg
flight2_frame12831.jpg,flight2_frame12831.jpg
flight2_frame12841.jpg,flight2_frame12841.jpg
flight2_frame12851.jpg,flight2_frame12851.jpg
flight2_frame12861.jpg,flight2_frame12861.jpg
flight2_frame12871.jpg,flight2_frame12871.jpg
flight2_frame12881.jpg,flight2_frame12881.jpg
flight2_frame12891.jpg,flight2_frame12891.jpg
flight2_frame12901.jpg,flight2_frame12901.jpg
flight2_frame12911.jpg,flight2_frame12911.jpg
flight2_frame12921.jpg,flight2_frame12921.jpg
flight2_frame12931.jpg,flight2_frame12931.jpg
flight2_frame12941.jpg,flight2_frame12941.jpg
flight2_frame12951.jpg,flight2_frame12951.jpg
flight2_frame12961.jpg,flight2_frame12961.jpg
flight2_frame12971.jpg,flight2_frame12971.jpg
flight2_frame12981.jpg,flight2_frame12981.jpg
flight2_frame12991.jpg,flight2_frame12991.jpg
flight2_frame13001.jpg,flight2_frame13001.jpg
flight2_frame13011.jpg,flight2_frame13011.jpg
flight2_frame13021.jpg,flight2_frame13021.jpg
flight2_frame13031.jpg,flight2_frame13031.jpg
flight2_frame13041.jpg,flight2_frame13041.jpg
flight2_frame13051.jpg,flight2_frame13051.jpg
flight2_frame13061.jpg,flight2_frame13061.jpg
flight2_frame13071.jpg,flight2_frame13071.jpg
flight2_frame13081.jpg,flight2_frame13081.jpg
flight2_frame13091.jpg,flight2_frame13091.jpg
flight2_frame13101.jpg,flight2_frame13101.jpg
flight2_frame13111.jpg,flight2_frame13111.jpg
flight2_frame13121.jpg,flight2_frame13121.jpg
flight2_frame13131.jpg,flight2_frame13131.jpg
flight2_frame13141.jpg,flight2_frame13141.jpg
flight2_frame13151.jpg,flight2_frame13151.jpg
flight2_frame13161.jpg,flight2_frame13161.jpg
flight2_frame13171.jpg,flight2_frame13171.jpg
flight2_frame13181.jpg,flight2_frame13181.jpg
flight2_frame13191.jpg,flight2_frame13191.jpg
flight2_frame13201.jpg,flight2_frame13201.jpg
flight2_frame13211.jpg,flight2_frame13211.jpg
flight2_frame13221.jpg,flight2_frame13221.jpg
flight2_frame13231.jpg,flight2_frame13231.jpg
flight2_frame13241.jpg,flight2_frame13241.jpg
flight2_frame13251.jpg,flight2_frame13251.jpg
flight2_frame13261.jpg,flight2_frame13261.jpg
flight2_frame13271.jpg,flight2_frame13271.jpg
flight2_frame13281.jpg,flight2_frame13281.jpg
flight2_frame13291.jpg,flight2_frame13291.jpg
flight2_frame13301.jpg,flight2_frame13301.jpg
flight2_frame13311.jpg,flight2_frame13311.jpg
flight2_frame13321.jpg,flight2_frame13321.jpg
flight2_frame13331.jpg,flight2_frame13331.jpg
flight2_frame13341.jpg,flight2_frame13341.jpg
flight2_frame13351.jpg,flight2_frame13351.jpg
flight2_frame13391.jpg,flight2_frame13391.jpg
flight2_frame13401.jpg,flight2_frame13401.jpg
flight2_frame13411.jpg,flight2_frame13411.jpg
flight2_frame13421.jpg,flight2_frame13421.jpg
flight2_frame13431.jpg,flight2_frame13431.jpg
flight2_frame13441.jpg,flight2_frame13441.jpg
flight2_frame13451.jpg,flight2_frame13451.jpg
flight2_frame13461.jpg,flight2_frame13461.jpg
flight2_frame13471.jpg,flight2_frame13471.jpg
flight2_frame13481.jpg,flight2_frame13481.jpg
flight2_frame13491.jpg,flight2_frame13491.jpg
flight2_frame13501.jpg,flight2_frame13501.jpg
flight2_frame13511.jpg,flight2_frame13511.jpg
flight2_frame13521.jpg,flight2_frame13521.jpg
flight2_frame13531.jpg,flight2_frame13531.jpg
flight2_frame13541.jpg,flight2_frame13541.jpg
flight2_frame13551.jpg,flight2_frame13551.jpg
flight2_frame13561.jpg,flight2_frame13561.jpg
flight2_frame13571.jpg,flight2_frame13571.jpg
flight2_frame13581.jpg,flight2_frame13581.jpg
flight2_frame13591.jpg,flight2_frame13591.jpg
flight2_frame13601.jpg,flight2_frame13601.jpg
flight2_frame13611.jpg,flight2_frame13611.jpg
flight2_frame13621.jpg,flight2_frame13621.jpg
flight2_frame13631.jpg,flight2_frame13631.jpg
flight2_frame13641.jpg,flight2_frame13641.jpg
flight2_frame13651.jpg,flight2_frame13651.jpg
flight2_frame13661.jpg,flight2_frame13661.jpg
flight2_frame13671.jpg,flight2_frame13671.jpg
flight2_frame13681.jpg,flight2_frame13681.jpg
flight2_frame13691.jpg,flight2_frame13691.jpg
flight2_frame13701.jpg,flight2_frame13701.jpg
flight2_frame13711.jpg,flight2_frame13711.jpg
flight2_frame13721.jpg,flight2_frame13721.jpg
flight2_frame13731.jpg,flight2_frame13731.jpg
flight2_frame13741.jpg,flight2_frame13741.jpg
flight2_frame13751.jpg,flight2_frame13751.jpg
flight2_frame13761.jpg,flight2_frame13761.jpg
flight2_frame13771.jpg,flight2_frame13771.jpg
flight2_frame13781.jpg,flight2_frame13781.jpg
flight2_frame13791.jpg,flight2_frame13791.jpg
flight2_frame13801.jpg,flight2_frame13801.jpg
flight2_frame13811.jpg,flight2_frame13811.jpg
flight2_frame13821.jpg,flight2_frame13821.jpg
flight2_frame13831.jpg,flight2_frame13831.jpg
flight2_frame13841.jpg,flight2_frame13841.jpg
flight2_frame13851.jpg,flight2_frame13851.jpg
flight2_frame13861.jpg,flight2_frame13861.jpg
flight2_frame13871.jpg,flight2_frame13871.jpg
flight2_frame13881.jpg,flight2_frame13881.jpg
flight2_frame13891.jpg,flight2_frame13891.jpg
flight2_frame13901.jpg,flight2_frame13901.jpg
flight2_frame13911.jpg,flight2_frame13911.jpg
flight2_frame13921.jpg,flight2_frame13921.jpg
flight2_frame13931.jpg,flight2_frame13931.jpg
flight2_frame13941.jpg,flight2_frame13941.jpg
flight2_frame13951.jpg,flight2_frame13951.jpg
flight2_frame13961.jpg,flight2_frame13961.jpg
flight2_frame13971.jpg,flight2_frame13971.jpg
flight2_frame13981.jpg,flight2_frame13981.jpg
flight2_frame13991.jpg,flight2_frame13991.jpg
flight2_frame14001.jpg,flight2_frame14001.jpg
flight2_frame14011.jpg,flight2_frame14011.jpg
flight2_frame14021.jpg,flight2_frame14021.jpg
flight2_frame14031.jpg,flight2_frame14031.jpg
flight2_frame14041.jpg,flight2_frame14041.jpg
flight2_frame14051.jpg,flight2_frame14051.jpg
flight2_frame14061.jpg,flight2_frame14061.jpg
flight2_frame14071.jpg,flight2_frame14071.jpg
flight2_frame14081.jpg,flight2_frame14081.jpg
flight2_frame14091.jpg,flight2_frame14091.jpg
flight2_frame14101.jpg,flight2_frame14101.jpg
flight2_frame14111.jpg,flight2_frame14111.jpg
flight2_frame14121.jpg,flight2_frame14121.jpg
flight2_frame14131.jpg,flight2_frame14131.jpg
flight2_frame14141.jpg,flight2_frame14141.jpg
flight2_frame14151.jpg,flight2_frame14151.jpg
flight2_frame14161.jpg,flight2_frame14161.jpg
flight2_frame14171.jpg,flight2_frame14171.jpg
flight2_frame14181.jpg,flight2_frame14181.jpg
flight2_frame14191.jpg,flight2_frame14191.jpg
flight2_frame14201.jpg,flight2_frame14201.jpg
flight2_frame14211.jpg,flight2_frame14211.jpg
flight2_frame14221.jpg,flight2_frame14221.jpg
flight2_frame14231.jpg,flight2_frame14231.jpg
flight2_frame14241.jpg,flight2_frame14241.jpg
flight2_frame14251.jpg,flight2_frame14251.jpg
flight2_frame14261.jpg,flight2_frame14261.jpg
flight2_frame14271.jpg,flight2_frame14271.jpg
flight2_frame14281.jpg,flight2_frame14281.jpg
flight2_frame14291.jpg,flight2_frame14291.jpg
flight2_frame14301.jpg,flight2_frame14301.jpg
flight2_frame14311.jpg,flight2_frame14311.jpg
flight2_frame14321.jpg,flight2_frame14321.jpg
flight2_frame14331.jpg,flight2_frame14331.jpg
flight2_frame14341.jpg,flight2_frame14341.jpg
flight2_frame14351.jpg,flight2_frame14351.jpg
flight2_frame14361.jpg,flight2_frame14361.jpg
flight2_frame14371.jpg,flight2_frame14371.jpg
flight2_frame14381.jpg,flight2_frame14381.jpg
flight2_frame14391.jpg,flight2_frame14391.jpg
flight2_frame14401.jpg,flight2_frame14401.jpg
flight2_frame14411.jpg,flight2_frame14411.jpg
flight2_frame14421.jpg,flight2_frame14421.jpg
flight2_frame14431.jpg,flight2_frame14431.jpg
flight2_frame14441.jpg,flight2_frame14441.jpg
flight2_frame14451.jpg,flight2_frame14451.jpg
flight2_frame14461.jpg,flight2_frame14461.jpg
flight2_frame14471.jpg,flight2_frame14471.jpg
flight2_frame14481.jpg,flight2_frame14481.jpg
flight2_frame14491.jpg,flight2_frame14491.jpg
flight2_frame14501.jpg,flight2_frame14501.jpg
flight2_frame14511.jpg,flight2_frame14511.jpg
flight2_frame14521.jpg,flight2_frame14521.jpg
flight2_frame14531.jpg,flight2_frame14531.jpg
flight2_frame14541.jpg,flight2_frame14541.jpg
flight2_frame14551.jpg,flight2_frame14551.jpg
flight2_frame14561.jpg,flight2_frame14561.jpg
flight2_frame14571.jpg,flight2_frame14571.jpg
flight2_frame14581.jpg,flight2_frame14581.jpg
flight2_frame14591.jpg,flight2_frame14591.jpg
flight2_frame14601.jpg,flight2_frame14601.jpg
flight2_frame14611.jpg,flight2_frame14611.jpg
flight2_frame14621.jpg,flight2_frame14621.jpg
flight2_frame14631.jpg,flight2_frame14631.jpg
flight2_frame14641.jpg,flight2_frame14641.jpg
flight2_frame14651.jpg,flight2_frame14651.jpg
flight2_frame14661.jpg,flight2_frame14661.jpg
flight2_frame14671.jpg,flight2_frame14671.jpg
flight2_frame14681.jpg,flight2_frame14681.jpg
flight2_frame14691.jpg,flight2_frame14691.jpg
flight2_frame14701.jpg,flight2_frame14701.jpg
flight2_frame14711.jpg,flight2_frame14711.jpg
flight2_frame14721.jpg,flight2_frame14721.jpg
flight2_frame14731.jpg,flight2_frame14731.jpg
flight2_frame14741.jpg,flight2_frame14741.jpg
flight2_frame14751.jpg,flight2_frame14751.jpg
flight2_frame14761.jpg,flight2_frame14761.jpg
flight2_frame14771.jpg,flight2_frame14771.jpg
flight2_frame14781.jpg,flight2_frame14781.jpg
flight2_frame14791.jpg,flight2_frame14791.jpg
flight2_frame14801.jpg,flight2_frame14801.jpg
flight2_frame14811.jpg,flight2_frame14811.jpg
flight2_frame14821.jpg,flight2_frame14821.jpg
flight2_frame14831.jpg,flight2_frame14831.jpg
flight2_frame14841.jpg,flight2_frame14841.jpg
flight2_frame14851.jpg,flight2_frame14851.jpg
flight2_frame14861.jpg,flight2_frame14861.jpg
flight2_frame14871.jpg,flight2_frame14871.jpg
flight2_frame14881.jpg,flight2_frame14881.jpg
flight2_frame14891.jpg,flight2_frame14891.jpg
flight2_frame14901.jpg,flight2_frame14901.jpg
flight2_frame14911.jpg,flight2_frame14911.jpg
flight2_frame14921.jpg,flight2_frame14921.jpg
flight2_frame14931.jpg,flight2_frame14931.jpg
flight2_frame14941.jpg,flight2_frame14941.jpg
flight2_frame14951.jpg,flight2_frame14951.jpg
flight2_frame14961.jpg,flight2_frame14961.jpg
flight2_frame14971.jpg,flight2_frame14971.jpg
flight2_frame14981.jpg,flight2_frame14981.jpg
flight2_frame14991.jpg,flight2_frame14991.jpg
flight2_frame15001.jpg,flight2_frame15001.jpg
flight2_frame15011.jpg,flight2_frame15011.jpg
flight2_frame15021.jpg,flight2_frame15021.jpg
flight2_frame15031.jpg,flight2_frame15031.jpg
flight2_frame15041.jpg,flight2_frame15041.jpg
flight2_frame15051.jpg,flight2_frame15051.jpg
flight2_frame15061.jpg,flight2_frame15061.jpg
flight2_frame15071.jpg,flight2_frame15071.jpg
flight2_frame15081.jpg,flight2_frame15081.jpg
flight2_frame15091.jpg,flight2_frame15091.jpg
flight2_frame15101.jpg,flight2_frame15101.jpg
flight2_frame15111.jpg,flight2_frame15111.jpg
flight2_frame15121.jpg,flight2_frame15121.jpg
flight2_frame15131.jpg,flight2_frame15131.jpg
flight2_frame15141.jpg,flight2_frame15141.jpg
flight2_frame15151.jpg,flight2_frame15151.jpg
flight2_frame15161.jpg,flight2_frame15161.jpg
flight2_frame15171.jpg,flight2_frame15171.jpg
flight2_frame15181.jpg,flight2_frame15181.jpg
flight2_frame15191.jpg,flight2_frame15191.jpg
flight2_frame15201.jpg,flight2_frame15201.jpg
flight2_frame15211.jpg,flight2_frame15211.jpg
flight2_frame15221.jpg,flight2_frame15221.jpg
flight2_frame15231.jpg,flight2_frame15231.jpg
flight2_frame15241.jpg,flight2_frame15241.jpg
flight2_frame15251.jpg,flight2_frame15251.jpg
flight2_frame15261.jpg,flight2_frame15261.jpg
flight2_frame15271.jpg,flight2_frame15271.jpg
flight2_frame15281.jpg,flight2_frame15281.jpg
flight2_frame15291.jpg,flight2_frame15291.jpg
flight2_frame15301.jpg,flight2_frame15301.jpg
flight2_frame15311.jpg,flight2_frame15311.jpg
flight2_frame15321.jpg,flight2_frame15321.jpg
flight2_frame15331.jpg,flight2_frame15331.jpg
flight2_frame15341.jpg,flight2_frame15341.jpg
flight2_frame15351.jpg,flight2_frame15351.jpg
flight2_frame15361.jpg,flight2_frame15361.jpg
flight2_frame15371.jpg,flight2_frame15371.jpg
flight2_frame15381.jpg,flight2_frame15381.jpg
flight2_frame15391.jpg,flight2_frame15391.jpg
flight2_frame15401.jpg,flight2_frame15401.jpg
flight2_frame15411.jpg,flight2_frame15411.jpg
flight2_frame15421.jpg,flight2_frame15421.jpg
flight2_frame15431.jpg,flight2_frame15431.jpg
flight2_frame15441.jpg,flight2_frame15441.jpg
flight2_frame15451.jpg,flight2_frame15451.jpg
flight2_frame15461.jpg,flight2_frame15461.jpg
flight2_frame15471.jpg,flight2_frame15471.jpg
flight2_frame15481.jpg,flight2_frame15481.jpg
flight2_frame15491.jpg,flight2_frame15491.jpg
flight2_frame15501.jpg,flight2_frame15501.jpg
flight2_frame15511.jpg,flight2_frame15511.jpg
flight2_frame15521.jpg,flight2_frame15521.jpg
flight2_frame15531.jpg,flight2_frame15531.jpg
flight2_frame15541.jpg,flight2_frame15541.jpg
flight2_frame15551.jpg,flight2_frame15551.jpg
flight2_frame15561.jpg,flight2_frame15561.jpg
flight2_frame15571.jpg,flight2_frame15571.jpg
flight2_frame15581.jpg,flight2_frame15581.jpg
flight2_frame15591.jpg,flight2_frame15591.jpg
flight2_frame15601.jpg,flight2_frame15601.jpg
flight2_frame15611.jpg,flight2_frame15611.jpg
flight2_frame15621.jpg,flight2_frame15621.jpg
flight2_frame15631.jpg,flight2_frame15631.jpg
flight2_frame15641.jpg,flight2_frame15641.jpg
flight2_frame15651.jpg,flight2_frame15651.jpg
flight2_frame15661.jpg,flight2_frame15661.jpg
flight2_frame15671.jpg,flight2_frame15671.jpg
flight2_frame15681.jpg,flight2_frame15681.jpg
flight2_frame15691.jpg,flight2_frame15691.jpg
flight2_frame15701.jpg,flight2_frame15701.jpg
flight2_frame15711.jpg,flight2_frame15711.jpg
flight2_frame15721.jpg,flight2_frame15721.jpg
flight2_frame15731.jpg,flight2_frame15731.jpg
flight2_frame15741.jpg,flight2_frame15741.jpg
flight2_frame15751.jpg,flight2_frame15751.jpg
flight2_frame15761.jpg,flight2_frame15761.jpg
flight2_frame15771.jpg,flight2_frame15771.jpg
flight2_frame15781.jpg,flight2_frame15781.jpg
flight2_frame15791.jpg,flight2_frame15791.jpg
flight2_frame15801.jpg,flight2_frame15801.jpg
flight2_frame15811.jpg,flight2_frame15811.jpg
flight2_frame15821.jpg,flight2_frame15821.jpg
flight2_frame15831.jpg,flight2_frame15831.jpg
flight2_frame15841.jpg,flight2_frame15841.jpg
flight2_frame15851.jpg,flight2_frame15851.jpg
flight2_frame15861.jpg,flight2_frame15861.jpg
flight2_frame15871.jpg,flight2_frame15871.jpg
flight2_frame15881.jpg,flight2_frame15881.jpg
flight2_frame15891.jpg,flight2_frame15891.jpg
flight2_frame15901.jpg,flight2_frame15901.jpg
flight2_frame15911.jpg,flight2_frame15911.jpg
flight2_frame15921.jpg,flight2_frame15921.jpg
flight2_frame15931.jpg,flight2_frame15931.jpg
flight2_frame15941.jpg,flight2_frame15941.jpg
flight2_frame15951.jpg,flight2_frame15951.jpg
flight2_frame15961.jpg,flight2_frame15961.jpg
flight2_frame15971.jpg,flight2_frame15971.jpg
flight2_frame15981.jpg,flight2_frame15981.jpg
flight2_frame15991.jpg,flight2_frame15991.jpg
flight2_frame16001.jpg,flight2_frame16001.jpg
flight2_frame16011.jpg,flight2_frame16011.jpg
flight2_frame16021.jpg,flight2_frame16021.jpg
flight2_frame16031.jpg,flight2_frame16031.jpg
flight2_frame16041.jpg,flight2_frame16041.jpg
flight2_frame16051.jpg,flight2_frame16051.jpg
flight2_frame16061.jpg,flight2_frame16061.jpg
flight2_frame16071.jpg,flight2_frame16071.jpg
flight2_frame16081.jpg,flight2_frame16081.jpg
flight2_frame16091.jpg,flight2_frame16091.jpg
flight2_frame16101.jpg,flight2_frame16101.jpg
flight2_frame16111.jpg,flight2_frame16111.jpg
flight2_frame16121.jpg,flight2_frame16121.jpg
flight2_frame16131.jpg,flight2_frame16131.jpg
flight2_frame16141.jpg,flight2_frame16141.jpg
flight2_frame16151.jpg,flight2_frame16151.jpg
flight2_frame16161.jpg,flight2_frame16161.jpg
flight2_frame16171.jpg,flight2_frame16171.jpg
flight2_frame16181.jpg,flight2_frame16181.jpg
flight2_frame16191.jpg,flight2_frame16191.jpg
flight2_frame16201.jpg,flight2_frame16201.jpg
flight2_frame16211.jpg,flight2_frame16211.jpg
flight2_frame16221.jpg,flight2_frame16221.jpg
flight2_frame16231.jpg,flight2_frame16231.jpg
flight2_frame16241.jpg,flight2_frame16241.jpg
flight2_frame16251.jpg,flight2_frame16251.jpg
flight2_frame16261.jpg,flight2_frame16261.jpg
flight2_frame16271.jpg,flight2_frame16271.jpg
flight2_frame16281.jpg,flight2_frame16281.jpg
flight2_frame16291.jpg,flight2_frame16291.jpg
flight2_frame16301.jpg,flight2_frame16301.jpg
flight2_frame16311.jpg,flight2_frame16311.jpg
flight2_frame16321.jpg,flight2_frame16321.jpg
flight2_frame16331.jpg,flight2_frame16331.jpg
flight2_frame16341.jpg,flight2_frame16341.jpg
flight2_frame16351.jpg,flight2_frame16351.jpg
flight2_frame16361.jpg,flight2_frame16361.jpg
flight2_frame16371.jpg,flight2_frame16371.jpg
flight2_frame16381.jpg,flight2_frame16381.jpg
flight2_frame16391.jpg,flight2_frame16391.jpg
flight2_frame16401.jpg,flight2_frame16401.jpg
flight2_frame16411.jpg,flight2_frame16411.jpg
flight2_frame16421.jpg,flight2_frame16421.jpg
flight2_frame16431.jpg,flight2_frame16431.jpg
flight2_frame16441.jpg,flight2_frame16441.jpg
flight2_frame16451.jpg,flight2_frame16451.jpg
flight2_frame16461.jpg,flight2_frame16461.jpg
flight2_frame16471.jpg,flight2_frame16471.jpg
flight2_frame16481.jpg,flight2_frame16481.jpg
flight2_frame16491.jpg,flight2_frame16491.jpg
flight2_frame16501.jpg,flight2_frame16501.jpg
flight2_frame16511.jpg,flight2_frame16511.jpg
flight2_frame16521.jpg,flight2_frame16521.jpg
flight2_frame16531.jpg,flight2_frame16531.jpg
flight2_frame16541.jpg,flight2_frame16541.jpg
flight2_frame16551.jpg,flight2_frame16551.jpg
flight2_frame16561.jpg,flight2_frame16561.jpg
flight2_frame16571.jpg,flight2_frame16571.jpg
flight2_frame16581.jpg,flight2_frame16581.jpg
flight2_frame16591.jpg,flight2_frame16591.jpg
flight2_frame16601.jpg,flight2_frame16601.jpg
flight2_frame16611.jpg,flight2_frame16611.jpg
flight2_frame16621.jpg,flight2_frame16621.jpg
flight2_frame16631.jpg,flight2_frame16631.jpg
flight2_frame16641.jpg,flight2_frame16641.jpg
flight2_frame16651.jpg,flight2_frame16651.jpg
flight2_frame16661.jpg,flight2_frame16661.jpg
flight2_frame16671.jpg,flight2_frame16671.jpg
flight2_frame16681.jpg,flight2_frame16681.jpg
flight2_frame16691.jpg,flight2_frame16691.jpg
flight2_frame16701.jpg,flight2_frame16701.jpg
flight2_frame16711.jpg,flight2_frame16711.jpg
flight2_frame16721.jpg,flight2_frame16721.jpg
flight2_frame16731.jpg,flight2_frame16731.jpg
flight2_frame16741.jpg,flight2_frame16741.jpg
flight2_frame16751.jpg,flight2_frame16751.jpg
flight2_frame16761.jpg,flight2_frame16761.jpg
flight2_frame16771.jpg,flight2_frame16771.jpg
flight2_frame16781.jpg,flight2_frame16781.jpg
flight2_frame16791.jpg,flight2_frame16791.jpg
flight2_frame16801.jpg,flight2_frame16801.jpg
flight2_frame16811.jpg,flight2_frame16811.jpg
flight2_frame16821.jpg,flight2_frame16821.jpg
flight2_frame16851.jpg,flight2_frame16851.jpg
flight2_frame16861.jpg,flight2_frame16861.jpg
flight2_frame16871.jpg,flight2_frame16871.jpg
flight2_frame16881.jpg,flight2_frame16881.jpg
flight2_frame16891.jpg,flight2_frame16891.jpg
flight2_frame16901.jpg,flight2_frame16901.jpg
flight2_frame16911.jpg,flight2_frame16911.jpg
flight2_frame16921.jpg,flight2_frame16921.jpg
flight2_frame16931.jpg,flight2_frame16931.jpg
flight2_frame16941.jpg,flight2_frame16941.jpg
flight2_frame16951.jpg,flight2_frame16951.jpg
flight2_frame16961.jpg,flight2_frame16961.jpg
flight2_frame16971.jpg,flight2_frame16971.jpg
flight2_frame16981.jpg,flight2_frame16981.jpg
flight2_frame16991.jpg,flight2_frame16991.jpg
flight2_frame17001.jpg,flight2_frame17001.jpg
flight2_frame17011.jpg,flight2_frame17011.jpg
flight2_frame17021.jpg,flight2_frame17021.jpg
flight2_frame17031.jpg,flight2_frame17031.jpg
flight2_frame17041.jpg,flight2_frame17041.jpg
flight2_frame17051.jpg,flight2_frame17051.jpg
flight2_frame17061.jpg,flight2_frame17061.jpg
flight2_frame17071.jpg,flight2_frame17071.jpg
flight2_frame17081.jpg,flight2_frame17081.jpg
flight2_frame17091.jpg,flight2_frame17091.jpg
flight2_frame17101.jpg,flight2_frame17101.jpg
flight2_frame17111.jpg,flight2_frame17111.jpg
flight2_frame17121.jpg,flight2_frame17121.jpg
flight2_frame17131.jpg,flight2_frame17131.jpg
flight2_frame17141.jpg,flight2_frame17141.jpg
flight2_frame17151.jpg,flight2_frame17151.jpg
flight2_frame17161.jpg,flight2_frame17161.jpg
flight2_frame17171.jpg,flight2_frame17171.jpg
flight2_frame17181.jpg,flight2_frame17181.jpg
flight2_frame17191.jpg,flight2_frame17191.jpg
flight2_frame17201.jpg,flight2_frame17201.jpg
flight2_frame17211.jpg,flight2_frame17211.jpg
flight2_frame17221.jpg,flight2_frame17221.jpg
flight2_frame17231.jpg,flight2_frame17231.jpg
flight2_frame17241.jpg,flight2_frame17241.jpg
flight2_frame17251.jpg,flight2_frame17251.jpg
flight2_frame17261.jpg,flight2_frame17261.jpg
flight2_frame17271.jpg,flight2_frame17271.jpg
flight2_frame17281.jpg,flight2_frame17281.jpg
flight2_frame17291.jpg,flight2_frame17291.jpg
flight2_frame17301.jpg,flight2_frame17301.jpg
flight2_frame17311.jpg,flight2_frame17311.jpg
flight2_frame17321.jpg,flight2_frame17321.jpg
flight2_frame17331.jpg,flight2_frame17331.jpg
flight2_frame17341.jpg,flight2_frame17341.jpg
flight2_frame17351.jpg,flight2_frame17351.jpg
flight2_frame17361.jpg,flight2_frame17361.jpg
flight2_frame17371.jpg,flight2_frame17371.jpg
flight2_frame17381.jpg,flight2_frame17381.jpg
flight2_frame17391.jpg,flight2_frame17391.jpg
flight2_frame17401.jpg,flight2_frame17401.jpg
flight2_frame17411.jpg,flight2_frame17411.jpg
flight2_frame17421.jpg,flight2_frame17421.jpg
flight2_frame17431.jpg,flight2_frame17431.jpg
flight2_frame17441.jpg,flight2_frame17441.jpg
flight2_frame17451.jpg,flight2_frame17451.jpg
flight2_frame17461.jpg,flight2_frame17461.jpg
flight2_frame17471.jpg,flight2_frame17471.jpg
flight2_frame17481.jpg,flight2_frame17481.jpg
flight2_frame17491.jpg,flight2_frame17491.jpg
flight2_frame17501.jpg,flight2_frame17501.jpg
flight2_frame17511.jpg,flight2_frame17511.jpg
flight2_frame17521.jpg,flight2_frame17521.jpg
flight2_frame17531.jpg,flight2_frame17531.jpg
flight2_frame17541.jpg,flight2_frame17541.jpg
flight2_frame17551.jpg,flight2_frame17551.jpg
flight2_frame17561.jpg,flight2_frame17561.jpg
flight2_frame17571.jpg,flight2_frame17571.jpg
flight2_frame17581.jpg,flight2_frame17581.jpg
flight2_frame17591.jpg,flight2_frame17591.jpg
flight2_frame17601.jpg,flight2_frame17601.jpg
flight2_frame17611.jpg,flight2_frame17611.jpg
flight2_frame17621.jpg,flight2_frame17621.jpg
flight2_frame17631.jpg,flight2_frame17631.jpg
flight2_frame17641.jpg,flight2_frame17641.jpg
flight2_frame17651.jpg,flight2_frame17651.jpg
flight2_frame17661.jpg,flight2_frame17661.jpg
flight2_frame17671.jpg,flight2_frame17671.jpg
flight2_frame17681.jpg,flight2_frame17681.jpg
flight2_frame17691.jpg,flight2_frame17691.jpg
flight2_frame17701.jpg,flight2_frame17701.jpg
flight2_frame17711.jpg,flight2_frame17711.jpg
flight2_frame17721.jpg,flight2_frame17721.jpg
flight2_frame17731.jpg,flight2_frame17731.jpg
flight2_frame17741.jpg,flight2_frame17741.jpg
flight2_frame17751.jpg,flight2_frame17751.jpg
flight2_frame17761.jpg,flight2_frame17761.jpg
flight2_frame17771.jpg,flight2_frame17771.jpg
flight2_frame17781.jpg,flight2_frame17781.jpg
flight2_frame17791.jpg,flight2_frame17791.jpg
flight2_frame17801.jpg,flight2_frame17801.jpg
flight2_frame17811.jpg,flight2_frame17811.jpg
flight2_frame17821.jpg,flight2_frame17821.jpg
flight2_frame17831.jpg,flight2_frame17831.jpg
flight2_frame17841.jpg,flight2_frame17841.jpg
flight2_frame17851.jpg,flight2_frame17851.jpg
flight2_frame17861.jpg,flight2_frame17861.jpg
flight2_frame17871.jpg,flight2_frame17871.jpg
flight2_frame17881.jpg,flight2_frame17881.jpg
flight2_frame17891.jpg,flight2_frame17891.jpg
flight2_frame17901.jpg,flight2_frame17901.jpg
flight2_frame17911.jpg,flight2_frame17911.jpg
flight2_frame17921.jpg,flight2_frame17921.jpg
flight2_frame17931.jpg,flight2_frame17931.jpg
flight2_frame17941.jpg,flight2_frame17941.jpg
flight2_frame17951.jpg,flight2_frame17951.jpg
flight2_frame17961.jpg,flight2_frame17961.jpg
flight2_frame17971.jpg,flight2_frame17971.jpg
flight2_frame17981.jpg,flight2_frame17981.jpg
flight2_frame17991.jpg,flight2_frame17991.jpg
flight2_frame18001.jpg,flight2_frame18001.jpg
flight2_frame18011.jpg,flight2_frame18011.jpg
flight2_frame18021.jpg,flight2_frame18021.jpg
flight2_frame18031.jpg,flight2_frame18031.jpg
flight2_frame18041.jpg,flight2_frame18041.jpg
flight2_frame18051.jpg,flight2_frame18051.jpg
flight2_frame18061.jpg,flight2_frame18061.jpg
flight2_frame18071.jpg,flight2_frame18071.jpg
flight2_frame18081.jpg,flight2_frame18081.jpg
flight2_frame18091.jpg,flight2_frame18091.jpg
flight2_frame18101.jpg,flight2_frame18101.jpg
flight2_frame18111.jpg,flight2_frame18111.jpg
flight2_frame18121.jpg,flight2_frame18121.jpg
flight2_frame18131.jpg,flight2_frame18131.jpg
flight2_frame18141.jpg,flight2_frame18141.jpg
flight2_frame18151.jpg,flight2_frame18151.jpg
flight2_frame18161.jpg,flight2_frame18161.jpg
flight2_frame18171.jpg,flight2_frame18171.jpg
flight2_frame18181.jpg,flight2_frame18181.jpg
flight2_frame18191.jpg,flight2_frame18191.jpg
flight2_frame18201.jpg,flight2_frame18201.jpg
flight2_frame18211.jpg,flight2_frame18211.jpg
flight2_frame18221.jpg,flight2_frame18221.jpg
flight2_frame18231.jpg,flight2_frame18231.jpg
flight2_frame18241.jpg,flight2_frame18241.jpg
flight2_frame18251.jpg,flight2_frame18251.jpg
flight2_frame18261.jpg,flight2_frame18261.jpg
flight2_frame18271.jpg,flight2_frame18271.jpg
flight2_frame18281.jpg,flight2_frame18281.jpg
flight2_frame18291.jpg,flight2_frame18291.jpg
flight2_frame18301.jpg,flight2_frame18301.jpg
flight2_frame18311.jpg,flight2_frame18311.jpg
flight2_frame18321.jpg,flight2_frame18321.jpg
flight2_frame18331.jpg,flight2_frame18331.jpg
flight2_frame18341.jpg,flight2_frame18341.jpg
flight2_frame18351.jpg,flight2_frame18351.jpg
flight2_frame18361.jpg,flight2_frame18361.jpg
flight2_frame18371.jpg,flight2_frame18371.jpg
flight2_frame18381.jpg,flight2_frame18381.jpg
flight2_frame18391.jpg,flight2_frame18391.jpg
flight2_frame18401.jpg,flight2_frame18401.jpg
flight2_frame18411.jpg,flight2_frame18411.jpg
flight2_frame18421.jpg,flight2_frame18421.jpg
flight2_frame18431.jpg,flight2_frame18431.jpg
flight2_frame18441.jpg,flight2_frame18441.jpg
flight2_frame18451.jpg,flight2_frame18451.jpg
flight2_frame18461.jpg,flight2_frame18461.jpg
flight2_frame18471.jpg,flight2_frame18471.jpg
flight2_frame18481.jpg,flight2_frame18481.jpg
flight2_frame18491.jpg,flight2_frame18491.jpg
flight2_frame18501.jpg,flight2_frame18501.jpg
flight2_frame18511.jpg,flight2_frame18511.jpg
flight2_frame18521.jpg,flight2_frame18521.jpg
flight2_frame18531.jpg,flight2_frame18531.jpg
flight2_frame18541.jpg,flight2_frame18541.jpg
flight2_frame18551.jpg,flight2_frame18551.jpg
flight2_frame18561.jpg,flight2_frame18561.jpg
flight2_frame18571.jpg,flight2_frame18571.jpg
flight2_frame18581.jpg,flight2_frame18581.jpg
flight2_frame18591.jpg,flight2_frame18591.jpg
flight2_frame18601.jpg,flight2_frame18601.jpg
flight2_frame18611.jpg,flight2_frame18611.jpg
flight2_frame18621.jpg,flight2_frame18621.jpg
flight2_frame18631.jpg,flight2_frame18631.jpg
flight2_frame18641.jpg,flight2_frame18641.jpg
flight2_frame18651.jpg,flight2_frame18651.jpg
flight2_frame18661.jpg,flight2_frame18661.jpg
flight2_frame18671.jpg,flight2_frame18671.jpg
flight2_frame18681.jpg,flight2_frame18681.jpg
flight2_frame18691.jpg,flight2_frame18691.jpg
flight2_frame18701.jpg,flight2_frame18701.jpg
flight2_frame18711.jpg,flight2_frame18711.jpg
flight2_frame18721.jpg,flight2_frame18721.jpg
flight2_frame18731.jpg,flight2_frame18731.jpg
flight2_frame18741.jpg,flight2_frame18741.jpg
flight2_frame18751.jpg,flight2_frame18751.jpg
flight2_frame18761.jpg,flight2_frame18761.jpg
flight2_frame18771.jpg,flight2_frame18771.jpg
flight2_frame18781.jpg,flight2_frame18781.jpg
flight2_frame18791.jpg,flight2_frame18791.jpg
flight2_frame18801.jpg,flight2_frame18801.jpg
flight2_frame18811.jpg,flight2_frame18811.jpg
flight2_frame18821.jpg,flight2_frame18821.jpg
flight2_frame18831.jpg,flight2_frame18831.jpg
flight2_frame18841.jpg,flight2_frame18841.jpg
flight2_frame18851.jpg,flight2_frame18851.jpg
flight2_frame18861.jpg,flight2_frame18861.jpg
flight2_frame18871.jpg,flight2_frame18871.jpg
flight2_frame18881.jpg,flight2_frame18881.jpg
flight2_frame18891.jpg,flight2_frame18891.jpg
flight2_frame18901.jpg,flight2_frame18901.jpg
flight2_frame18911.jpg,flight2_frame18911.jpg
flight2_frame18921.jpg,flight2_frame18921.jpg
flight2_frame18931.jpg,flight2_frame18931.jpg
flight2_frame18941.jpg,flight2_frame18941.jpg
flight2_frame18951.jpg,flight2_frame18951.jpg
flight2_frame18961.jpg,flight2_frame18961.jpg
flight2_frame18971.jpg,flight2_frame18971.jpg
flight2_frame18981.jpg,flight2_frame18981.jpg
flight2_frame18991.jpg,flight2_frame18991.jpg
flight2_frame19001.jpg,flight2_frame19001.jpg
flight2_frame19011.jpg,flight2_frame19011.jpg
flight2_frame19021.jpg,flight2_frame19021.jpg
flight2_frame19031.jpg,flight2_frame19031.jpg
flight2_frame19041.jpg,flight2_frame19041.jpg
flight2_frame19051.jpg,flight2_frame19051.jpg
flight2_frame19061.jpg,flight2_frame19061.jpg
flight2_frame19071.jpg,flight2_frame19071.jpg
flight2_frame19081.jpg,flight2_frame19081.jpg
flight2_frame19091.jpg,flight2_frame19091.jpg
flight2_frame19101.jpg,flight2_frame19101.jpg
flight2_frame19111.jpg,flight2_frame19111.jpg
flight2_frame19121.jpg,flight2_frame19121.jpg
flight2_frame19131.jpg,flight2_frame19131.jpg
flight2_frame19141.jpg,flight2_frame19141.jpg
flight2_frame19151.jpg,flight2_frame19151.jpg
flight2_frame19161.jpg,flight2_frame19161.jpg
flight2_frame19171.jpg,flight2_frame19171.jpg
flight2_frame19181.jpg,flight2_frame19181.jpg
flight2_frame19191.jpg,flight2_frame19191.jpg
flight2_frame19201.jpg,flight2_frame19201.jpg
flight2_frame19211.jpg,flight2_frame19211.jpg
flight2_frame19221.jpg,flight2_frame19221.jpg
flight2_frame19231.jpg,flight2_frame19231.jpg
flight2_frame19241.jpg,flight2_frame19241.jpg
flight2_frame19251.jpg,flight2_frame19251.jpg
flight2_frame19261.jpg,flight2_frame19261.jpg
flight2_frame19271.jpg,flight2_frame19271.jpg
flight2_frame19281.jpg,flight2_frame19281.jpg
flight2_frame19291.jpg,flight2_frame19291.jpg
flight2_frame19301.jpg,flight2_frame19301.jpg
flight2_frame19311.jpg,flight2_frame19311.jpg
flight2_frame19321.jpg,flight2_frame19321.jpg
flight2_frame19331.jpg,flight2_frame19331.jpg
flight2_frame19341.jpg,flight2_frame19341.jpg
flight2_frame19351.jpg,flight2_frame19351.jpg
flight2_frame19361.jpg,flight2_frame19361.jpg
flight2_frame19371.jpg,flight2_frame19371.jpg
flight2_frame19381.jpg,flight2_frame19381.jpg
flight2_frame19391.jpg,flight2_frame19391.jpg
flight2_frame19401.jpg,flight2_frame19401.jpg
flight2_frame19411.jpg,flight2_frame19411.jpg
flight2_frame19421.jpg,flight2_frame19421.jpg
flight2_frame19431.jpg,flight2_frame19431.jpg
flight2_frame19441.jpg,flight2_frame19441.jpg
flight2_frame19451.jpg,flight2_frame19451.jpg
flight2_frame19461.jpg,flight2_frame19461.jpg
flight2_frame19471.jpg,flight2_frame19471.jpg
flight2_frame19481.jpg,flight2_frame19481.jpg
flight2_frame19491.jpg,flight2_frame19491.jpg
flight2_frame19501.jpg,flight2_frame19501.jpg
flight2_frame19511.jpg,flight2_frame19511.jpg
flight2_frame19521.jpg,flight2_frame19521.jpg
flight2_frame19531.jpg,flight2_frame19531.jpg
flight2_frame19541.jpg,flight2_frame19541.jpg
flight2_frame19551.jpg,flight2_frame19551.jpg
flight2_frame19561.jpg,flight2_frame19561.jpg
flight2_frame19571.jpg,flight2_frame19571.jpg
flight2_frame19581.jpg,flight2_frame19581.jpg
flight2_frame19591.jpg,flight2_frame19591.jpg
flight2_frame19601.jpg,flight2_frame19601.jpg
flight2_frame19611.jpg,flight2_frame19611.jpg
flight2_frame19621.jpg,flight2_frame19621.jpg
flight2_frame19631.jpg,flight2_frame19631.jpg
flight2_frame19641.jpg,flight2_frame19641.jpg
flight2_frame19651.jpg,flight2_frame19651.jpg
flight2_frame19661.jpg,flight2_frame19661.jpg
flight2_frame19671.jpg,flight2_frame19671.jpg
flight2_frame19681.jpg,flight2_frame19681.jpg
flight2_frame19691.jpg,flight2_frame19691.jpg
flight2_frame19701.jpg,flight2_frame19701.jpg
flight2_frame19711.jpg,flight2_frame19711.jpg
flight2_frame19721.jpg,flight2_frame19721.jpg
flight2_frame19731.jpg,flight2_frame19731.jpg
flight2_frame19741.jpg,flight2_frame19741.jpg
flight2_frame19751.jpg,flight2_frame19751.jpg
flight2_frame19761.jpg,flight2_frame19761.jpg
flight2_frame19771.jpg,flight2_frame19771.jpg
flight2_frame19781.jpg,flight2_frame19781.jpg
flight2_frame19791.jpg,flight2_frame19791.jpg
flight2_frame19801.jpg,flight2_frame19801.jpg
flight2_frame19811.jpg,flight2_frame19811.jpg
flight2_frame19821.jpg,flight2_frame19821.jpg
flight2_frame19831.jpg,flight2_frame19831.jpg
flight2_frame19841.jpg,flight2_frame19841.jpg
flight2_frame19851.jpg,flight2_frame19851.jpg
flight2_frame19861.jpg,flight2_frame19861.jpg
flight2_frame19871.jpg,flight2_frame19871.jpg
flight2_frame19881.jpg,flight2_frame19881.jpg
flight2_frame19891.jpg,flight2_frame19891.jpg
flight2_frame19901.jpg,flight2_frame19901.jpg
flight2_frame19911.jpg,flight2_frame19911.jpg
flight2_frame19921.jpg,flight2_frame19921.jpg
flight2_frame19931.jpg,flight2_frame19931.jpg
flight2_frame19941.jpg,flight2_frame19941.jpg
flight2_frame19951.jpg,flight2_frame19951.jpg
flight2_frame19961.jpg,flight2_frame19961.jpg
flight2_frame19971.jpg,flight2_frame19971.jpg
flight2_frame19981.jpg,flight2_frame19981.jpg
flight2_frame19991.jpg,flight2_frame19991.jpg
flight2_frame20001.jpg,flight2_frame20001.jpg
flight2_frame20011.jpg,flight2_frame20011.jpg
flight2_frame20021.jpg,flight2_frame20021.jpg
flight2_frame20031.jpg,flight2_frame20031.jpg
flight2_frame20041.jpg,flight2_frame20041.jpg
flight2_frame20051.jpg,flight2_frame20051.jpg
flight2_frame20061.jpg,flight2_frame20061.jpg
flight2_frame20071.jpg,flight2_frame20071.jpg
flight2_frame20081.jpg,flight2_frame20081.jpg
flight2_frame20091.jpg,flight2_frame20091.jpg
flight2_frame20101.jpg,flight2_frame20101.jpg
flight2_frame20111.jpg,flight2_frame20111.jpg
flight2_frame20121.jpg,flight2_frame20121.jpg
flight2_frame20131.jpg,flight2_frame20131.jpg
flight2_frame20141.jpg,flight2_frame20141.jpg
flight2_frame20151.jpg,flight2_frame20151.jpg
flight2_frame20161.jpg,flight2_frame20161.jpg
flight2_frame20171.jpg,flight2_frame20171.jpg
flight2_frame20181.jpg,flight2_frame20181.jpg
flight2_frame20191.jpg,flight2_frame20191.jpg
flight2_frame20201.jpg,flight2_frame20201.jpg
flight2_frame20211.jpg,flight2_frame20211.jpg
flight2_frame20221.jpg,flight2_frame20221.jpg
flight2_frame20231.jpg,flight2_frame20231.jpg
flight2_frame20241.jpg,flight2_frame20241.jpg
flight2_frame20251.jpg,flight2_frame20251.jpg
flight2_frame20261.jpg,flight2_frame20261.jpg
flight2_frame20271.jpg,flight2_frame20271.jpg
flight2_frame20281.jpg,flight2_frame20281.jpg
flight2_frame20291.jpg,flight2_frame20291.jpg
flight2_frame20301.jpg,flight2_frame20301.jpg
flight2_frame20311.jpg,flight2_frame20311.jpg
flight2_frame20321.jpg,flight2_frame20321.jpg
flight2_frame20331.jpg,flight2_frame20331.jpg
flight2_frame20341.jpg,flight2_frame20341.jpg
flight2_frame20351.jpg,flight2_frame20351.jpg
flight2_frame20361.jpg,flight2_frame20361.jpg
flight2_frame20371.jpg,flight2_frame20371.jpg
flight2_frame20381.jpg,flight2_frame20381.jpg
flight2_frame20391.jpg,flight2_frame20391.jpg
flight2_frame20401.jpg,flight2_frame20401.jpg
flight2_frame20411.jpg,flight2_frame20411.jpg
flight2_frame20421.jpg,flight2_frame20421.jpg
flight2_frame20431.jpg,flight2_frame20431.jpg
flight2_frame20441.jpg,flight2_frame20441.jpg
flight2_frame20451.jpg,flight2_frame20451.jpg
flight2_frame20461.jpg,flight2_frame20461.jpg
flight2_frame20471.jpg,flight2_frame20471.jpg
flight2_frame20481.jpg,flight2_frame20481.jpg
flight2_frame20491.jpg,flight2_frame20491.jpg
flight2_frame20501.jpg,flight2_frame20501.jpg
flight2_frame20511.jpg,flight2_frame20511.jpg
flight2_frame20521.jpg,flight2_frame20521.jpg
flight2_frame20531.jpg,flight2_frame20531.jpg
flight2_frame20541.jpg,flight2_frame20541.jpg
flight2_frame20551.jpg,flight2_frame20551.jpg
flight2_frame20561.jpg,flight2_frame20561.jpg
flight2_frame20571.jpg,flight2_frame20571.jpg
flight2_frame20581.jpg,flight2_frame20581.jpg
flight2_frame20621.jpg,flight2_frame20621.jpg
flight2_frame20631.jpg,flight2_frame20631.jpg
flight2_frame20641.jpg,flight2_frame20641.jpg
flight2_frame20651.jpg,flight2_frame20651.jpg
flight2_frame20661.jpg,flight2_frame20661.jpg
flight2_frame20671.jpg,flight2_frame20671.jpg
flight2_frame20681.jpg,flight2_frame20681.jpg
flight2_frame20691.jpg,flight2_frame20691.jpg
flight2_frame20701.jpg,flight2_frame20701.jpg
flight2_frame20711.jpg,flight2_frame20711.jpg
flight2_frame20721.jpg,flight2_frame20721.jpg
flight2_frame20731.jpg,flight2_frame20731.jpg
flight2_frame20741.jpg,flight2_frame20741.jpg
flight2_frame20751.jpg,flight2_frame20751.jpg
flight2_frame20761.jpg,flight2_frame20761.jpg
flight2_frame20771.jpg,flight2_frame20771.jpg
flight2_frame20781.jpg,flight2_frame20781.jpg
flight2_frame20791.jpg,flight2_frame20791.jpg
flight2_frame20801.jpg,flight2_frame20801.jpg
flight2_frame20811.jpg,flight2_frame20811.jpg
flight2_frame20821.jpg,flight2_frame20821.jpg
flight2_frame20831.jpg,flight2_frame20831.jpg
flight2_frame20841.jpg,flight2_frame20841.jpg
flight2_frame20851.jpg,flight2_frame20851.jpg
flight2_frame20861.jpg,flight2_frame20861.jpg
flight2_frame20871.jpg,flight2_frame20871.jpg
flight2_frame20881.jpg,flight2_frame20881.jpg
flight2_frame20891.jpg,flight2_frame20891.jpg
flight2_frame20901.jpg,flight2_frame20901.jpg
flight2_frame20911.jpg,flight2_frame20911.jpg
flight2_frame20921.jpg,flight2_frame20921.jpg
flight2_frame20931.jpg,flight2_frame20931.jpg
flight2_frame20941.jpg,flight2_frame20941.jpg
flight2_frame20951.jpg,flight2_frame20951.jpg
flight2_frame20961.jpg,flight2_frame20961.jpg
flight2_frame20971.jpg,flight2_frame20971.jpg
flight2_frame20981.jpg,flight2_frame20981.jpg
flight2_frame20991.jpg,flight2_frame20991.jpg
flight2_frame21001.jpg,flight2_frame21001.jpg
flight2_frame21011.jpg,flight2_frame21011.jpg
flight2_frame21021.jpg,flight2_frame21021.jpg
flight2_frame21031.jpg,flight2_frame21031.jpg
flight2_frame21041.jpg,flight2_frame21041.jpg
flight2_frame21051.jpg,flight2_frame21051.jpg
flight2_frame21061.jpg,flight2_frame21061.jpg
flight2_frame21071.jpg,flight2_frame21071.jpg
flight2_frame21081.jpg,flight2_frame21081.jpg
flight2_frame21091.jpg,flight2_frame21091.jpg
flight2_frame21101.jpg,flight2_frame21101.jpg
flight2_frame21111.jpg,flight2_frame21111.jpg
flight2_frame21121.jpg,flight2_frame21121.jpg
flight2_frame21131.jpg,flight2_frame21131.jpg
flight2_frame21141.jpg,flight2_frame21141.jpg
flight2_frame21151.jpg,flight2_frame21151.jpg
flight2_frame21161.jpg,flight2_frame21161.jpg
flight2_frame21171.jpg,flight2_frame21171.jpg
flight2_frame21181.jpg,flight2_frame21181.jpg
flight2_frame21191.jpg,flight2_frame21191.jpg
flight2_frame21201.jpg,flight2_frame21201.jpg
flight2_frame21211.jpg,flight2_frame21211.jpg
flight2_frame21221.jpg,flight2_frame21221.jpg
flight2_frame21231.jpg,flight2_frame21231.jpg
flight2_frame21241.jpg,flight2_frame21241.jpg
flight2_frame21251.jpg,flight2_frame21251.jpg
flight2_frame21261.jpg,flight2_frame21261.jpg
flight2_frame21271.jpg,flight2_frame21271.jpg
flight2_frame21281.jpg,flight2_frame21281.jpg
flight2_frame21291.jpg,flight2_frame21291.jpg
flight2_frame21301.jpg,flight2_frame21301.jpg
flight2_frame21311.jpg,flight2_frame21311.jpg
flight2_frame21321.jpg,flight2_frame21321.jpg
flight2_frame21331.jpg,flight2_frame21331.jpg
flight2_frame21341.jpg,flight2_frame21341.jpg
flight2_frame21351.jpg,flight2_frame21351.jpg
flight2_frame21361.jpg,flight2_frame21361.jpg
flight2_frame21371.jpg,flight2_frame21371.jpg
flight2_frame21381.jpg,flight2_frame21381.jpg
flight2_frame21391.jpg,flight2_frame21391.jpg
flight2_frame21401.jpg,flight2_frame21401.jpg
flight2_frame21411.jpg,flight2_frame21411.jpg
flight2_frame21421.jpg,flight2_frame21421.jpg
flight2_frame21431.jpg,flight2_frame21431.jpg
flight2_frame21441.jpg,flight2_frame21441.jpg
flight2_frame21451.jpg,flight2_frame21451.jpg
flight2_frame21461.jpg,flight2_frame21461.jpg
flight2_frame21471.jpg,flight2_frame21471.jpg
flight2_frame21481.jpg,flight2_frame21481.jpg
flight2_frame21491.jpg,flight2_frame21491.jpg
flight2_frame21501.jpg,flight2_frame21501.jpg
flight2_frame21511.jpg,flight2_frame21511.jpg
flight2_frame21521.jpg,flight2_frame21521.jpg
flight2_frame21531.jpg,flight2_frame21531.jpg
flight2_frame21541.jpg,flight2_frame21541.jpg
flight2_frame21551.jpg,flight2_frame21551.jpg
flight2_frame21561.jpg,flight2_frame21561.jpg
flight2_frame21571.jpg,flight2_frame21571.jpg
flight2_frame21581.jpg,flight2_frame21581.jpg
flight2_frame21591.jpg,flight2_frame21591.jpg
flight2_frame21601.jpg,flight2_frame21601.jpg
flight2_frame21611.jpg,flight2_frame21611.jpg
flight2_frame21621.jpg,flight2_frame21621.jpg
flight2_frame21631.jpg,flight2_frame21631.jpg
flight2_frame21641.jpg,flight2_frame21641.jpg
flight2_frame21651.jpg,flight2_frame21651.jpg
flight2_frame21661.jpg,flight2_frame21661.jpg
flight2_frame21671.jpg,flight2_frame21671.jpg
flight2_frame21681.jpg,flight2_frame21681.jpg
flight2_frame21691.jpg,flight2_frame21691.jpg
flight2_frame21701.jpg,flight2_frame21701.jpg
flight2_frame21711.jpg,flight2_frame21711.jpg
flight2_frame21721.jpg,flight2_frame21721.jpg
flight2_frame21731.jpg,flight2_frame21731.jpg
flight2_frame21741.jpg,flight2_frame21741.jpg
flight2_frame21751.jpg,flight2_frame21751.jpg
flight2_frame21761.jpg,flight2_frame21761.jpg
flight2_frame21771.jpg,flight2_frame21771.jpg
flight2_frame21781.jpg,flight2_frame21781.jpg
flight2_frame21791.jpg,flight2_frame21791.jpg
flight2_frame21801.jpg,flight2_frame21801.jpg
flight2_frame21811.jpg,flight2_frame21811.jpg
flight2_frame21821.jpg,flight2_frame21821.jpg
flight2_frame21831.jpg,flight2_frame21831.jpg
flight2_frame21841.jpg,flight2_frame21841.jpg
flight2_frame21851.jpg,flight2_frame21851.jpg
flight2_frame21861.jpg,flight2_frame21861.jpg
flight2_frame21871.jpg,flight2_frame21871.jpg
flight2_frame21881.jpg,flight2_frame21881.jpg
flight2_frame21891.jpg,flight2_frame21891.jpg
flight2_frame21901.jpg,flight2_frame21901.jpg
flight2_frame21911.jpg,flight2_frame21911.jpg
flight2_frame21921.jpg,flight2_frame21921.jpg
flight2_frame21931.jpg,flight2_frame21931.jpg
flight2_frame21941.jpg,flight2_frame21941.jpg
flight2_frame21951.jpg,flight2_frame21951.jpg
flight2_frame21961.jpg,flight2_frame21961.jpg
flight2_frame21971.jpg,flight2_frame21971.jpg
flight2_frame21981.jpg,flight2_frame21981.jpg
flight2_frame21991.jpg,flight2_frame21991.jpg
flight2_frame22001.jpg,flight2_frame22001.jpg
flight2_frame22011.jpg,flight2_frame22011.jpg
flight2_frame22021.jpg,flight2_frame22021.jpg
flight2_frame22031.jpg,flight2_frame22031.jpg
flight2_frame22041.jpg,flight2_frame22041.jpg
flight2_frame22051.jpg,flight2_frame22051.jpg
flight2_frame22061.jpg,flight2_frame22061.jpg
flight2_frame22071.jpg,flight2_frame22071.jpg
flight2_frame22081.jpg,flight2_frame22081.jpg
flight2_frame22091.jpg,flight2_frame22091.jpg
flight2_frame22101.jpg,flight2_frame22101.jpg
flight2_frame22111.jpg,flight2_frame22111.jpg
flight2_frame22121.jpg,flight2_frame22121.jpg
flight2_frame22131.jpg,flight2_frame22131.jpg
flight2_frame22141.jpg,flight2_frame22141.jpg
flight2_frame22151.jpg,flight2_frame22151.jpg
flight2_frame22161.jpg,flight2_frame22161.jpg
flight2_frame22171.jpg,flight2_frame22171.jpg
flight2_frame22181.jpg,flight2_frame22181.jpg
flight2_frame22191.jpg,flight2_frame22191.jpg
flight2_frame22201.jpg,flight2_frame22201.jpg
flight2_frame22211.jpg,flight2_frame22211.jpg
flight2_frame22221.jpg,flight2_frame22221.jpg
flight2_frame22231.jpg,flight2_frame22231.jpg
flight2_frame22241.jpg,flight2_frame22241.jpg
flight2_frame22251.jpg,flight2_frame22251.jpg
flight2_frame22261.jpg,flight2_frame22261.jpg
flight2_frame22271.jpg,flight2_frame22271.jpg
flight2_frame22281.jpg,flight2_frame22281.jpg
flight2_frame22291.jpg,flight2_frame22291.jpg
flight2_frame22301.jpg,flight2_frame22301.jpg
flight2_frame22311.jpg,flight2_frame22311.jpg
flight2_frame22321.jpg,flight2_frame22321.jpg
flight2_frame22331.jpg,flight2_frame22331.jpg
flight2_frame22341.jpg,flight2_frame22341.jpg
flight2_frame22351.jpg,flight2_frame22351.jpg
flight2_frame22361.jpg,flight2_frame22361.jpg
flight2_frame22371.jpg,flight2_frame22371.jpg
flight2_frame22381.jpg,flight2_frame22381.jpg
flight2_frame22391.jpg,flight2_frame22391.jpg
flight2_frame22401.jpg,flight2_frame22401.jpg
flight2_frame22411.jpg,flight2_frame22411.jpg
flight2_frame22421.jpg,flight2_frame22421.jpg
flight2_frame22431.jpg,flight2_frame22431.jpg
flight2_frame22441.jpg,flight2_frame22441.jpg
flight2_frame22451.jpg,flight2_frame22451.jpg
flight2_frame22461.jpg,flight2_frame22461.jpg
flight2_frame22471.jpg,flight2_frame22471.jpg
flight2_frame22481.jpg,flight2_frame22481.jpg
flight2_frame22491.jpg,flight2_frame22491.jpg
flight2_frame22501.jpg,flight2_frame22501.jpg
flight2_frame22511.jpg,flight2_frame22511.jpg
flight2_frame22521.jpg,flight2_frame22521.jpg
flight2_frame22531.jpg,flight2_frame22531.jpg
flight2_frame22541.jpg,flight2_frame22541.jpg
flight2_frame22551.jpg,flight2_frame22551.jpg
flight2_frame22561.jpg,flight2_frame22561.jpg
flight2_frame22571.jpg,flight2_frame22571.jpg
flight2_frame22581.jpg,flight2_frame22581.jpg
flight2_frame22591.jpg,flight2_frame22591.jpg
flight2_frame22601.jpg,flight2_frame22601.jpg
flight2_frame22611.jpg,flight2_frame22611.jpg
flight2_frame22621.jpg,flight2_frame22621.jpg
flight2_frame22631.jpg,flight2_frame22631.jpg
flight2_frame22641.jpg,flight2_frame22641.jpg
flight2_frame22651.jpg,flight2_frame22651.jpg
flight2_frame22661.jpg,flight2_frame22661.jpg
flight2_frame22671.jpg,flight2_frame22671.jpg
flight2_frame22681.jpg,flight2_frame22681.jpg
flight2_frame22691.jpg,flight2_frame22691.jpg
flight2_frame22701.jpg,flight2_frame22701.jpg
flight2_frame22711.jpg,flight2_frame22711.jpg
flight2_frame22721.jpg,flight2_frame22721.jpg
flight2_frame22731.jpg,flight2_frame22731.jpg
flight2_frame22741.jpg,flight2_frame22741.jpg
flight2_frame22751.jpg,flight2_frame22751.jpg
flight2_frame22761.jpg,flight2_frame22761.jpg
flight2_frame22771.jpg,flight2_frame22771.jpg
flight2_frame22781.jpg,flight2_frame22781.jpg
flight2_frame22791.jpg,flight2_frame22791.jpg
flight2_frame22801.jpg,flight2_frame22801.jpg
flight2_frame22811.jpg,flight2_frame22811.jpg
flight2_frame22821.jpg,flight2_frame22821.jpg
flight2_frame22831.jpg,flight2_frame22831.jpg
flight2_frame22841.jpg,flight2_frame22841.jpg
flight2_frame22851.jpg,flight2_frame22851.jpg
flight2_frame22861.jpg,flight2_frame22861.jpg
flight2_frame22871.jpg,flight2_frame22871.jpg
flight2_frame22881.jpg,flight2_frame22881.jpg
flight2_frame22891.jpg,flight2_frame22891.jpg
flight2_frame22901.jpg,flight2_frame22901.jpg
flight2_frame22911.jpg,flight2_frame22911.jpg
flight2_frame22921.jpg,flight2_frame22921.jpg
flight2_frame22931.jpg,flight2_frame22931.jpg
flight2_frame22941.jpg,flight2_frame22941.jpg
flight2_frame22951.jpg,flight2_frame22951.jpg
flight2_frame22961.jpg,flight2_frame22961.jpg
flight2_frame22971.jpg,flight2_frame22971.jpg
flight2_frame22981.jpg,flight2_frame22981.jpg
flight2_frame22991.jpg,flight2_frame22991.jpg
flight2_frame23001.jpg,flight2_frame23001.jpg
flight2_frame23011.jpg,flight2_frame23011.jpg
flight2_frame23021.jpg,flight2_frame23021.jpg
flight2_frame23031.jpg,flight2_frame23031.jpg
flight2_frame23041.jpg,flight2_frame23041.jpg
flight2_frame23051.jpg,flight2_frame23051.jpg
flight2_frame23061.jpg,flight2_frame23061.jpg
flight2_frame23071.jpg,flight2_frame23071.jpg
flight2_frame23081.jpg,flight2_frame23081.jpg
flight2_frame23091.jpg,flight2_frame23091.jpg
flight2_frame23101.jpg,flight2_frame23101.jpg
flight2_frame23111.jpg,flight2_frame23111.jpg
flight2_frame23121.jpg,flight2_frame23121.jpg
flight2_frame23131.jpg,flight2_frame23131.jpg
flight2_frame23141.jpg,flight2_frame23141.jpg
flight2_frame23151.jpg,flight2_frame23151.jpg
flight2_frame23161.jpg,flight2_frame23161.jpg
flight2_frame23171.jpg,flight2_frame23171.jpg
flight2_frame23181.jpg,flight2_frame23181.jpg
flight2_frame23191.jpg,flight2_frame23191.jpg
flight2_frame23201.jpg,flight2_frame23201.jpg
flight2_frame23211.jpg,flight2_frame23211.jpg
flight2_frame23221.jpg,flight2_frame23221.jpg
flight2_frame23231.jpg,flight2_frame23231.jpg
flight2_frame23241.jpg,flight2_frame23241.jpg
flight2_frame23251.jpg,flight2_frame23251.jpg
flight2_frame23261.jpg,flight2_frame23261.jpg
flight2_frame23271.jpg,flight2_frame23271.jpg
flight2_frame23281.jpg,flight2_frame23281.jpg
flight2_frame23291.jpg,flight2_frame23291.jpg
flight2_frame23301.jpg,flight2_frame23301.jpg
flight2_frame23311.jpg,flight2_frame23311.jpg
flight2_frame23321.jpg,flight2_frame23321.jpg
flight2_frame23331.jpg,flight2_frame23331.jpg
flight2_frame23341.jpg,flight2_frame23341.jpg
flight2_frame23351.jpg,flight2_frame23351.jpg
flight2_frame23361.jpg,flight2_frame23361.jpg
flight2_frame23371.jpg,flight2_frame23371.jpg
flight2_frame23381.jpg,flight2_frame23381.jpg
flight2_frame23391.jpg,flight2_frame23391.jpg
flight2_frame23401.jpg,flight2_frame23401.jpg
flight2_frame23411.jpg,flight2_frame23411.jpg
flight2_frame23421.jpg,flight2_frame23421.jpg
flight2_frame23431.jpg,flight2_frame23431.jpg
flight2_frame23441.jpg,flight2_frame23441.jpg
flight2_frame23451.jpg,flight2_frame23451.jpg
flight2_frame23461.jpg,flight2_frame23461.jpg
flight2_frame23471.jpg,flight2_frame23471.jpg
flight2_frame23481.jpg,flight2_frame23481.jpg
flight2_frame23491.jpg,flight2_frame23491.jpg
flight2_frame23501.jpg,flight2_frame23501.jpg
flight2_frame23511.jpg,flight2_frame23511.jpg
flight2_frame23521.jpg,flight2_frame23521.jpg
flight2_frame23531.jpg,flight2_frame23531.jpg
flight2_frame23541.jpg,flight2_frame23541.jpg
flight2_frame23551.jpg,flight2_frame23551.jpg
flight2_frame23561.jpg,flight2_frame23561.jpg
flight2_frame23571.jpg,flight2_frame23571.jpg
flight2_frame23581.jpg,flight2_frame23581.jpg
flight2_frame23591.jpg,flight2_frame23591.jpg
flight2_frame23601.jpg,flight2_frame23601.jpg
flight2_frame23611.jpg,flight2_frame23611.jpg
flight2_frame23621.jpg,flight2_frame23621.jpg
flight2_frame23631.jpg,flight2_frame23631.jpg
flight2_frame23641.jpg,flight2_frame23641.jpg
flight2_frame23651.jpg,flight2_frame23651.jpg
flight2_frame23661.jpg,flight2_frame23661.jpg
flight2_frame23671.jpg,flight2_frame23671.jpg
flight2_frame23681.jpg,flight2_frame23681.jpg
flight2_frame23691.jpg,flight2_frame23691.jpg
flight2_frame23701.jpg,flight2_frame23701.jpg
flight2_frame23711.jpg,flight2_frame23711.jpg
flight2_frame23721.jpg,flight2_frame23721.jpg
flight2_frame23731.jpg,flight2_frame23731.jpg
flight2_frame23741.jpg,flight2_frame23741.jpg
flight2_frame23751.jpg,flight2_frame23751.jpg
flight2_frame23761.jpg,flight2_frame23761.jpg
flight2_frame23771.jpg,flight2_frame23771.jpg
flight2_frame23781.jpg,flight2_frame23781.jpg
flight2_frame23791.jpg,flight2_frame23791.jpg
flight2_frame23801.jpg,flight2_frame23801.jpg
flight2_frame23811.jpg,flight2_frame23811.jpg
flight2_frame23821.jpg,flight2_frame23821.jpg
flight2_frame23831.jpg,flight2_frame23831.jpg
flight2_frame23841.jpg,flight2_frame23841.jpg
flight2_frame23851.jpg,flight2_frame23851.jpg
flight2_frame23861.jpg,flight2_frame23861.jpg
flight2_frame23871.jpg,flight2_frame23871.jpg
flight2_frame23881.jpg,flight2_frame23881.jpg
flight2_frame23891.jpg,flight2_frame23891.jpg
flight2_frame23901.jpg,flight2_frame23901.jpg
flight2_frame23911.jpg,flight2_frame23911.jpg
flight2_frame23921.jpg,flight2_frame23921.jpg
flight2_frame23931.jpg,flight2_frame23931.jpg
flight2_frame23941.jpg,flight2_frame23941.jpg
flight2_frame23951.jpg,flight2_frame23951.jpg
flight2_frame23961.jpg,flight2_frame23961.jpg
flight2_frame23971.jpg,flight2_frame23971.jpg
flight2_frame23981.jpg,flight2_frame23981.jpg
flight2_frame23991.jpg,flight2_frame23991.jpg
flight2_frame24001.jpg,flight2_frame24001.jpg
flight2_frame24011.jpg,flight2_frame24011.jpg
flight2_frame24021.jpg,flight2_frame24021.jpg
flight2_frame24031.jpg,flight2_frame24031.jpg
flight2_frame24041.jpg,flight2_frame24041.jpg
flight2_frame24051.jpg,flight2_frame24051.jpg
flight2_frame24061.jpg,flight2_frame24061.jpg
flight2_frame24071.jpg,flight2_frame24071.jpg
flight2_frame24081.jpg,flight2_frame24081.jpg
flight2_frame24091.jpg,flight2_frame24091.jpg
flight2_frame24101.jpg,flight2_frame24101.jpg
flight2_frame24111.jpg,flight2_frame24111.jpg
flight2_frame24121.jpg,flight2_frame24121.jpg
flight2_frame24131.jpg,flight2_frame24131.jpg
flight2_frame24141.jpg,flight2_frame24141.jpg
flight2_frame24151.jpg,flight2_frame24151.jpg
flight2_frame24161.jpg,flight2_frame24161.jpg
flight2_frame24171.jpg,flight2_frame24171.jpg
flight2_frame24181.jpg,flight2_frame24181.jpg
flight2_frame24191.jpg,flight2_frame24191.jpg
flight2_frame24201.jpg,flight2_frame24201.jpg
flight2_frame24211.jpg,flight2_frame24211.jpg
flight2_frame24221.jpg,flight2_frame24221.jpg
flight2_frame24231.jpg,flight2_frame24231.jpg
flight2_frame24241.jpg,flight2_frame24241.jpg
flight2_frame24251.jpg,flight2_frame24251.jpg
flight2_frame24261.jpg,flight2_frame24261.jpg
flight2_frame24271.jpg,flight2_frame24271.jpg
flight2_frame24281.jpg,flight2_frame24281.jpg
flight2_frame24291.jpg,flight2_frame24291.jpg
flight2_frame24301.jpg,flight2_frame24301.jpg
flight2_frame24311.jpg,flight2_frame24311.jpg
flight2_frame24321.jpg,flight2_frame24321.jpg
flight2_frame24331.jpg,flight2_frame24331.jpg
flight2_frame24341.jpg,flight2_frame24341.jpg
flight2_frame24351.jpg,flight2_frame24351.jpg
flight2_frame24361.jpg,flight2_frame24361.jpg
flight2_frame24371.jpg,flight2_frame24371.jpg
flight2_frame24381.jpg,flight2_frame24381.jpg
flight2_frame24391.jpg,flight2_frame24391.jpg
flight2_frame24401.jpg,flight2_frame24401.jpg
flight2_frame24411.jpg,flight2_frame24411.jpg
flight2_frame24421.jpg,flight2_frame24421.jpg
flight2_frame24431.jpg,flight2_frame24431.jpg
flight2_frame24441.jpg,flight2_frame24441.jpg
flight2_frame24451.jpg,flight2_frame24451.jpg
flight2_frame24461.jpg,flight2_frame24461.jpg
flight2_frame24471.jpg,flight2_frame24471.jpg
flight2_frame24481.jpg,flight2_frame24481.jpg
flight2_frame24491.jpg,flight2_frame24491.jpg
flight2_frame24501.jpg,flight2_frame24501.jpg
flight2_frame24511.jpg,flight2_frame24511.jpg
flight2_frame24521.jpg,flight2_frame24521.jpg
flight2_frame24531.jpg,flight2_frame24531.jpg
flight2_frame24541.jpg,flight2_frame24541.jpg
flight2_frame24551.jpg,flight2_frame24551.jpg
flight2_frame24561.jpg,flight2_frame24561.jpg
flight2_frame24571.jpg,flight2_frame24571.jpg
flight2_frame24581.jpg,flight2_frame24581.jpg
flight2_frame24591.jpg,flight2_frame24591.jpg
flight2_frame24601.jpg,flight2_frame24601.jpg
flight2_frame24611.jpg,flight2_frame24611.jpg
flight2_frame24621.jpg,flight2_frame24621.jpg
flight2_frame24631.jpg,flight2_frame24631.jpg
flight2_frame24641.jpg,flight2_frame24641.jpg
flight2_frame24651.jpg,flight2_frame24651.jpg
flight2_frame24661.jpg,flight2_frame24661.jpg
flight2_frame24671.jpg,flight2_frame24671.jpg
flight2_frame24681.jpg,flight2_frame24681.jpg
flight2_frame24691.jpg,flight2_frame24691.jpg
flight2_frame24701.jpg,flight2_frame24701.jpg
flight2_frame24711.jpg,flight2_frame24711.jpg
flight2_frame24721.jpg,flight2_frame24721.jpg
flight2_frame24731.jpg,flight2_frame24731.jpg
flight2_frame24741.jpg,flight2_frame24741.jpg
flight2_frame24751.jpg,flight2_frame24751.jpg
flight2_frame24761.jpg,flight2_frame24761.jpg
flight2_frame24771.jpg,flight2_frame24771.jpg
flight2_frame24781.jpg,flight2_frame24781.jpg
flight2_frame24791.jpg,flight2_frame24791.jpg
flight2_frame24801.jpg,flight2_frame24801.jpg
flight2_frame24811.jpg,flight2_frame24811.jpg
flight2_frame24821.jpg,flight2_frame24821.jpg
flight2_frame24831.jpg,flight2_frame24831.jpg
flight2_frame24841.jpg,flight2_frame24841.jpg
flight2_frame24851.jpg,flight2_frame24851.jpg
flight2_frame24861.jpg,flight2_frame24861.jpg
flight2_frame24871.jpg,flight2_frame24871.jpg
flight2_frame24881.jpg,flight2_frame24881.jpg
flight2_frame24891.jpg,flight2_frame24891.jpg
flight2_frame24901.jpg,flight2_frame24901.jpg
flight2_frame24911.jpg,flight2_frame24911.jpg
flight2_frame24921.jpg,flight2_frame24921.jpg
flight2_frame24931.jpg,flight2_frame24931.jpg
flight2_frame24941.jpg,flight2_frame24941.jpg
flight2_frame24951.jpg,flight2_frame24951.jpg
flight2_frame24961.jpg,flight2_frame24961.jpg
flight2_frame24971.jpg,flight2_frame24971.jpg
flight2_frame24981.jpg,flight2_frame24981.jpg
flight2_frame24991.jpg,flight2_frame24991.jpg
flight2_frame25001.jpg,flight2_frame25001.jpg
flight2_frame25011.jpg,flight2_frame25011.jpg
flight2_frame25021.jpg,flight2_frame25021.jpg
flight2_frame25031.jpg,flight2_frame25031.jpg
flight2_frame25041.jpg,flight2_frame25041.jpg
flight2_frame25051.jpg,flight2_frame25051.jpg
flight2_frame25061.jpg,flight2_frame25061.jpg
flight2_frame25071.jpg,flight2_frame25071.jpg
flight2_frame25081.jpg,flight2_frame25081.jpg
flight2_frame25091.jpg,flight2_frame25091.jpg
flight2_frame25101.jpg,flight2_frame25101.jpg
flight2_frame25111.jpg,flight2_frame25111.jpg
flight2_frame25121.jpg,flight2_frame25121.jpg
flight2_frame25131.jpg,flight2_frame25131.jpg
flight2_frame25141.jpg,flight2_frame25141.jpg
flight2_frame25151.jpg,flight2_frame25151.jpg
flight2_frame25161.jpg,flight2_frame25161.jpg
flight2_frame25171.jpg,flight2_frame25171.jpg
flight2_frame25181.jpg,flight2_frame25181.jpg
flight2_frame25191.jpg,flight2_frame25191.jpg
flight2_frame25201.jpg,flight2_frame25201.jpg
flight2_frame25211.jpg,flight2_frame25211.jpg
flight2_frame25221.jpg,flight2_frame25221.jpg
flight2_frame25231.jpg,flight2_frame25231.jpg
flight2_frame25241.jpg,flight2_frame25241.jpg
flight2_frame25251.jpg,flight2_frame25251.jpg
flight2_frame25261.jpg,flight2_frame25261.jpg
flight2_frame25271.jpg,flight2_frame25271.jpg
flight2_frame25281.jpg,flight2_frame25281.jpg
flight2_frame25291.jpg,flight2_frame25291.jpg
flight2_frame25301.jpg,flight2_frame25301.jpg
flight2_frame25311.jpg,flight2_frame25311.jpg
flight2_frame25321.jpg,flight2_frame25321.jpg
flight2_frame25331.jpg,flight2_frame25331.jpg
flight2_frame25341.jpg,flight2_frame25341.jpg
flight2_frame25351.jpg,flight2_frame25351.jpg
flight2_frame25361.jpg,flight2_frame25361.jpg
flight2_frame25371.jpg,flight2_frame25371.jpg
flight2_frame25381.jpg,flight2_frame25381.jpg
flight2_frame25391.jpg,flight2_frame25391.jpg
flight2_frame25401.jpg,flight2_frame25401.jpg
flight2_frame25411.jpg,flight2_frame25411.jpg
flight2_frame25421.jpg,flight2_frame25421.jpg
flight2_frame25431.jpg,flight2_frame25431.jpg
flight2_frame25441.jpg,flight2_frame25441.jpg
flight2_frame25451.jpg,flight2_frame25451.jpg
flight2_frame25461.jpg,flight2_frame25461.jpg
flight2_frame25471.jpg,flight2_frame25471.jpg
flight2_frame25481.jpg,flight2_frame25481.jpg
flight2_frame25491.jpg,flight2_frame25491.jpg
flight2_frame25501.jpg,flight2_frame25501.jpg
flight2_frame25511.jpg,flight2_frame25511.jpg
flight2_frame25521.jpg,flight2_frame25521.jpg
flight2_frame25531.jpg,flight2_frame25531.jpg
flight2_frame25541.jpg,flight2_frame25541.jpg
flight2_frame25551.jpg,flight2_frame25551.jpg
flight2_frame25561.jpg,flight2_frame25561.jpg
flight2_frame25571.jpg,flight2_frame25571.jpg
flight2_frame25581.jpg,flight2_frame25581.jpg
flight2_frame25591.jpg,flight2_frame25591.jpg
flight2_frame25601.jpg,flight2_frame25601.jpg
flight2_frame25611.jpg,flight2_frame25611.jpg
flight2_frame25621.jpg,flight2_frame25621.jpg
flight2_frame25631.jpg,flight2_frame25631.jpg
flight2_frame25641.jpg,flight2_frame25641.jpg
flight2_frame25651.jpg,flight2_frame25651.jpg
flight2_frame25661.jpg,flight2_frame25661.jpg
flight2_frame25671.jpg,flight2_frame25671.jpg
flight2_frame25681.jpg,flight2_frame25681.jpg
flight2_frame25691.jpg,flight2_frame25691.jpg
flight2_frame25701.jpg,flight2_frame25701.jpg
flight2_frame25711.jpg,flight2_frame25711.jpg
flight2_frame25721.jpg,flight2_frame25721.jpg
flight2_frame25731.jpg,flight2_frame25731.jpg
flight2_frame25741.jpg,flight2_frame25741.jpg
flight2_frame25751.jpg,flight2_frame25751.jpg
flight2_frame25761.jpg,flight2_frame25761.jpg
flight2_frame25771.jpg,flight2_frame25771.jpg
flight2_frame25781.jpg,flight2_frame25781.jpg
flight2_frame25791.jpg,flight2_frame25791.jpg
flight2_frame25801.jpg,flight2_frame25801.jpg
flight2_frame25811.jpg,flight2_frame25811.jpg
flight2_frame25821.jpg,flight2_frame25821.jpg
flight2_frame25831.jpg,flight2_frame25831.jpg
flight2_frame25841.jpg,flight2_frame25841.jpg
flight2_frame25851.jpg,flight2_frame25851.jpg
flight2_frame25861.jpg,flight2_frame25861.jpg
flight2_frame25871.jpg,flight2_frame25871.jpg
flight2_frame25881.jpg,flight2_frame25881.jpg
flight2_frame25891.jpg,flight2_frame25891.jpg
flight2_frame25901.jpg,flight2_frame25901.jpg
flight2_frame25911.jpg,flight2_frame25911.jpg
flight2_frame25921.jpg,flight2_frame25921.jpg
flight2_frame25931.jpg,flight2_frame25931.jpg
flight2_frame25941.jpg,flight2_frame25941.jpg
flight2_frame25951.jpg,flight2_frame25951.jpg
flight2_frame25961.jpg,flight2_frame25961.jpg
flight2_frame25971.jpg,flight2_frame25971.jpg
flight2_frame25981.jpg,flight2_frame25981.jpg
flight2_frame25991.jpg,flight2_frame25991.jpg
flight2_frame26001.jpg,flight2_frame26001.jpg
flight2_frame26011.jpg,flight2_frame26011.jpg
flight2_frame26021.jpg,flight2_frame26021.jpg
flight2_frame26031.jpg,flight2_frame26031.jpg
flight2_frame26041.jpg,flight2_frame26041.jpg
flight2_frame26051.jpg,flight2_frame26051.jpg
flight2_frame26061.jpg,flight2_frame26061.jpg
flight2_frame26071.jpg,flight2_frame26071.jpg
flight2_frame26081.jpg,flight2_frame26081.jpg
flight2_frame26091.jpg,flight2_frame26091.jpg
flight2_frame26101.jpg,flight2_frame26101.jpg
flight2_frame26111.jpg,flight2_frame26111.jpg
flight2_frame26121.jpg,flight2_frame26121.jpg
flight2_frame26131.jpg,flight2_frame26131.jpg
flight2_frame26141.jpg,flight2_frame26141.jpg
flight2_frame26151.jpg,flight2_frame26151.jpg
flight2_frame26161.jpg,flight2_frame26161.jpg
flight2_frame26171.jpg,flight2_frame26171.jpg
flight2_frame26181.jpg,flight2_frame26181.jpg
flight2_frame26191.jpg,flight2_frame26191.jpg
flight2_frame26201.jpg,flight2_frame26201.jpg
flight2_frame26211.jpg,flight2_frame26211.jpg
flight2_frame26221.jpg,flight2_frame26221.jpg
flight2_frame26231.jpg,flight2_frame26231.jpg
flight2_frame26241.jpg,flight2_frame26241.jpg
flight2_frame26251.jpg,flight2_frame26251.jpg
flight2_frame26261.jpg,flight2_frame26261.jpg
flight2_frame26271.jpg,flight2_frame26271.jpg
flight2_frame26281.jpg,flight2_frame26281.jpg
flight2_frame26291.jpg,flight2_frame26291.jpg
flight2_frame26301.jpg,flight2_frame26301.jpg
flight2_frame26311.jpg,flight2_frame26311.jpg
flight2_frame26321.jpg,flight2_frame26321.jpg
flight2_frame26331.jpg,flight2_frame26331.jpg
flight2_frame26341.jpg,flight2_frame26341.jpg
flight2_frame26351.jpg,flight2_frame26351.jpg
flight2_frame26361.jpg,flight2_frame26361.jpg
flight2_frame26371.jpg,flight2_frame26371.jpg
flight2_frame26381.jpg,flight2_frame26381.jpg
flight2_frame26391.jpg,flight2_frame26391.jpg
flight2_frame26401.jpg,flight2_frame26401.jpg
flight2_frame26411.jpg,flight2_frame26411.jpg
flight2_frame26421.jpg,flight2_frame26421.jpg
flight2_frame26431.jpg,flight2_frame26431.jpg
flight2_frame26441.jpg,flight2_frame26441.jpg
flight2_frame26451.jpg,flight2_frame26451.jpg
flight2_frame26461.jpg,flight2_frame26461.jpg
flight2_frame26471.jpg,flight2_frame26471.jpg
flight2_frame26481.jpg,flight2_frame26481.jpg
flight2_frame26491.jpg,flight2_frame26491.jpg
flight2_frame26501.jpg,flight2_frame26501.jpg
flight2_frame26511.jpg,flight2_frame26511.jpg
flight2_frame26521.jpg,flight2_frame26521.jpg
flight2_frame26531.jpg,flight2_frame26531.jpg
flight2_frame26541.jpg,flight2_frame26541.jpg
flight2_frame26551.jpg,flight2_frame26551.jpg
flight2_frame26561.jpg,flight2_frame26561.jpg
flight2_frame26571.jpg,flight2_frame26571.jpg
flight2_frame26581.jpg,flight2_frame26581.jpg
flight2_frame26591.jpg,flight2_frame26591.jpg
flight2_frame26601.jpg,flight2_frame26601.jpg
flight2_frame26611.jpg,flight2_frame26611.jpg
flight2_frame26621.jpg,flight2_frame26621.jpg
flight2_frame26631.jpg,flight2_frame26631.jpg
flight2_frame26641.jpg,flight2_frame26641.jpg
flight2_frame26651.jpg,flight2_frame26651.jpg
flight2_frame26661.jpg,flight2_frame26661.jpg
flight2_frame26671.jpg,flight2_frame26671.jpg
flight2_frame26681.jpg,flight2_frame26681.jpg
flight2_frame26691.jpg,flight2_frame26691.jpg
flight2_frame26701.jpg,flight2_frame26701.jpg
flight2_frame26711.jpg,flight2_frame26711.jpg
flight2_frame26721.jpg,flight2_frame26721.jpg
flight2_frame26731.jpg,flight2_frame26731.jpg
flight2_frame26741.jpg,flight2_frame26741.jpg
flight2_frame26751.jpg,flight2_frame26751.jpg
flight2_frame26761.jpg,flight2_frame26761.jpg
flight2_frame26771.jpg,flight2_frame26771.jpg
flight2_frame26781.jpg,flight2_frame26781.jpg
flight2_frame26791.jpg,flight2_frame26791.jpg
flight2_frame26801.jpg,flight2_frame26801.jpg
flight2_frame26811.jpg,flight2_frame26811.jpg
flight2_frame26821.jpg,flight2_frame26821.jpg
flight2_frame26831.jpg,flight2_frame26831.jpg
flight2_frame26841.jpg,flight2_frame26841.jpg
flight2_frame26851.jpg,flight2_frame26851.jpg
flight2_frame26861.jpg,flight2_frame26861.jpg
flight2_frame26871.jpg,flight2_frame26871.jpg
flight2_frame26881.jpg,flight2_frame26881.jpg
flight2_frame26891.jpg,flight2_frame26891.jpg
flight2_frame26901.jpg,flight2_frame26901.jpg
flight2_frame26911.jpg,flight2_frame26911.jpg
flight2_frame26921.jpg,flight2_frame26921.jpg
flight2_frame26931.jpg,flight2_frame26931.jpg
flight2_frame26941.jpg,flight2_frame26941.jpg
flight2_frame26951.jpg,flight2_frame26951.jpg
flight2_frame26961.jpg,flight2_frame26961.jpg
flight2_frame26971.jpg,flight2_frame26971.jpg
flight2_frame26981.jpg,flight2_frame26981.jpg
flight2_frame26991.jpg,flight2_frame26991.jpg
flight2_frame27001.jpg,flight2_frame27001.jpg
flight2_frame27011.jpg,flight2_frame27011.jpg
flight2_frame27021.jpg,flight2_frame27021.jpg
flight2_frame27031.jpg,flight2_frame27031.jpg
flight2_frame27041.jpg,flight2_frame27041.jpg
flight2_frame27051.jpg,flight2_frame27051.jpg
flight2_frame27061.jpg,flight2_frame27061.jpg
flight2_frame27071.jpg,flight2_frame27071.jpg
flight2_frame27081.jpg,flight2_frame27081.jpg
flight2_frame27091.jpg,flight2_frame27091.jpg
flight2_frame27101.jpg,flight2_frame27101.jpg
flight2_frame27111.jpg,flight2_frame27111.jpg
flight2_frame27121.jpg,flight2_frame27121.jpg
flight2_frame27131.jpg,flight2_frame27131.jpg
flight2_frame27141.jpg,flight2_frame27141.jpg
flight2_frame27151.jpg,flight2_frame27151.jpg
flight2_frame27161.jpg,flight2_frame27161.jpg
flight2_frame27171.jpg,flight2_frame27171.jpg
flight2_frame27181.jpg,flight2_frame27181.jpg
flight2_frame27191.jpg,flight2_frame27191.jpg
flight2_frame27201.jpg,flight2_frame27201.jpg
flight2_frame27211.jpg,flight2_frame27211.jpg
flight2_frame27221.jpg,flight2_frame27221.jpg
flight2_frame27231.jpg,flight2_frame27231.jpg
flight2_frame27241.jpg,flight2_frame27241.jpg
flight2_frame27251.jpg,flight2_frame27251.jpg
flight2_frame27261.jpg,flight2_frame27261.jpg
flight2_frame27271.jpg,flight2_frame27271.jpg
flight2_frame27281.jpg,flight2_frame27281.jpg
flight2_frame27291.jpg,flight2_frame27291.jpg
flight2_frame27301.jpg,flight2_frame27301.jpg
flight2_frame27311.jpg,flight2_frame27311.jpg
flight2_frame27321.jpg,flight2_frame27321.jpg
flight2_frame27331.jpg,flight2_frame27331.jpg
flight2_frame27341.jpg,flight2_frame27341.jpg
flight2_frame27351.jpg,flight2_frame27351.jpg
flight2_frame27361.jpg,flight2_frame27361.jpg
flight2_frame27371.jpg,flight2_frame27371.jpg
flight2_frame27381.jpg,flight2_frame27381.jpg
flight2_frame27391.jpg,flight2_frame27391.jpg
flight2_frame27401.jpg,flight2_frame27401.jpg
flight2_frame27411.jpg,flight2_frame27411.jpg
flight2_frame27421.jpg,flight2_frame27421.jpg
flight2_frame27431.jpg,flight2_frame27431.jpg
flight2_frame27441.jpg,flight2_frame27441.jpg
flight2_frame27451.jpg,flight2_frame27451.jpg
flight2_frame27461.jpg,flight2_frame27461.jpg
flight2_frame27471.jpg,flight2_frame27471.jpg
flight2_frame27481.jpg,flight2_frame27481.jpg
flight3_frame00001.jpg,flight3_frame00001.jpg
flight3_frame00011.jpg,flight3_frame00011.jpg
flight3_frame00021.jpg,flight3_frame00021.jpg
flight3_frame00031.jpg,flight3_frame00031.jpg
flight3_frame00041.jpg,flight3_frame00041.jpg
flight3_frame00051.jpg,flight3_frame00051.jpg
flight3_frame00061.jpg,flight3_frame00061.jpg
flight3_frame00071.jpg,flight3_frame00071.jpg
flight3_frame00081.jpg,flight3_frame00081.jpg
flight3_frame00091.jpg,flight3_frame00091.jpg
flight3_frame00101.jpg,flight3_frame00101.jpg
flight3_frame00111.jpg,flight3_frame00111.jpg
flight3_frame00121.jpg,flight3_frame00121.jpg
flight3_frame00131.jpg,flight3_frame00131.jpg
flight3_frame00141.jpg,flight3_frame00141.jpg
flight3_frame00151.jpg,flight3_frame00151.jpg
flight3_frame00161.jpg,flight3_frame00161.jpg
flight3_frame00171.jpg,flight3_frame00171.jpg
flight3_frame00181.jpg,flight3_frame00181.jpg
flight3_frame00191.jpg,flight3_frame00191.jpg
flight3_frame00201.jpg,flight3_frame00201.jpg
flight3_frame00211.jpg,flight3_frame00211.jpg
flight3_frame00221.jpg,flight3_frame00221.jpg
flight3_frame00231.jpg,flight3_frame00231.jpg
flight3_frame00241.jpg,flight3_frame00241.jpg
flight3_frame00251.jpg,flight3_frame00251.jpg
flight3_frame00261.jpg,flight3_frame00261.jpg
flight3_frame00271.jpg,flight3_frame00271.jpg
flight3_frame00281.jpg,flight3_frame00281.jpg
flight3_frame00291.jpg,flight3_frame00291.jpg
flight3_frame00301.jpg,flight3_frame00301.jpg
flight3_frame00311.jpg,flight3_frame00311.jpg
flight3_frame00321.jpg,flight3_frame00321.jpg
flight3_frame00331.jpg,flight3_frame00331.jpg
flight3_frame00341.jpg,flight3_frame00341.jpg
flight3_frame00351.jpg,flight3_frame00351.jpg
flight3_frame00361.jpg,flight3_frame00361.jpg
flight3_frame00371.jpg,flight3_frame00371.jpg
flight3_frame00381.jpg,flight3_frame00381.jpg
flight3_frame00391.jpg,flight3_frame00391.jpg
flight3_frame00401.jpg,flight3_frame00401.jpg
flight3_frame00411.jpg,flight3_frame00411.jpg
flight3_frame00421.jpg,flight3_frame00421.jpg
flight3_frame00431.jpg,flight3_frame00431.jpg
flight3_frame00441.jpg,flight3_frame00441.jpg
flight3_frame00451.jpg,flight3_frame00451.jpg
flight3_frame00461.jpg,flight3_frame00461.jpg
flight3_frame00471.jpg,flight3_frame00471.jpg
flight3_frame00481.jpg,flight3_frame00481.jpg
flight3_frame00491.jpg,flight3_frame00491.jpg
flight3_frame00501.jpg,flight3_frame00501.jpg
flight3_frame00511.jpg,flight3_frame00511.jpg
flight3_frame00521.jpg,flight3_frame00521.jpg
flight3_frame00531.jpg,flight3_frame00531.jpg
flight3_frame00541.jpg,flight3_frame00541.jpg
flight3_frame00551.jpg,flight3_frame00551.jpg
flight3_frame00561.jpg,flight3_frame00561.jpg
flight3_frame00571.jpg,flight3_frame00571.jpg
flight3_frame00581.jpg,flight3_frame00581.jpg
flight3_frame00591.jpg,flight3_frame00591.jpg
flight3_frame00601.jpg,flight3_frame00601.jpg
flight3_frame00611.jpg,flight3_frame00611.jpg
flight3_frame00621.jpg,flight3_frame00621.jpg
flight3_frame00631.jpg,flight3_frame00631.jpg
flight3_frame00641.jpg,flight3_frame00641.jpg
flight3_frame00651.jpg,flight3_frame00651.jpg
flight3_frame00661.jpg,flight3_frame00661.jpg
flight3_frame00671.jpg,flight3_frame00671.jpg
flight3_frame00681.jpg,flight3_frame00681.jpg
flight3_frame00691.jpg,flight3_frame00691.jpg
flight3_frame00701.jpg,flight3_frame00701.jpg
flight3_frame00711.jpg,flight3_frame00711.jpg
flight3_frame00721.jpg,flight3_frame00721.jpg
flight3_frame00731.jpg,flight3_frame00731.jpg
flight3_frame00741.jpg,flight3_frame00741.jpg
flight3_frame00751.jpg,flight3_frame00751.jpg
flight3_frame00761.jpg,flight3_frame00761.jpg
flight3_frame00771.jpg,flight3_frame00771.jpg
flight3_frame00781.jpg,flight3_frame00781.jpg
flight3_frame00791.jpg,flight3_frame00791.jpg
flight3_frame00801.jpg,flight3_frame00801.jpg
flight3_frame00811.jpg,flight3_frame00811.jpg
flight3_frame00821.jpg,flight3_frame00821.jpg
flight3_frame00831.jpg,flight3_frame00831.jpg
flight3_frame00841.jpg,flight3_frame00841.jpg
flight3_frame00851.jpg,flight3_frame00851.jpg
flight3_frame00861.jpg,flight3_frame00861.jpg
flight3_frame00871.jpg,flight3_frame00871.jpg
flight3_frame00881.jpg,flight3_frame00881.jpg
flight3_frame00891.jpg,flight3_frame00891.jpg
flight3_frame00901.jpg,flight3_frame00901.jpg
flight3_frame00911.jpg,flight3_frame00911.jpg
flight3_frame00921.jpg,flight3_frame00921.jpg
flight3_frame00931.jpg,flight3_frame00931.jpg
flight3_frame00941.jpg,flight3_frame00941.jpg
flight3_frame00951.jpg,flight3_frame00951.jpg
flight3_frame00961.jpg,flight3_frame00961.jpg
flight3_frame00971.jpg,flight3_frame00971.jpg
flight3_frame00981.jpg,flight3_frame00981.jpg
flight3_frame00991.jpg,flight3_frame00991.jpg
flight3_frame01001.jpg,flight3_frame01001.jpg
flight3_frame01011.jpg,flight3_frame01011.jpg
flight3_frame01021.jpg,flight3_frame01021.jpg
flight3_frame01031.jpg,flight3_frame01031.jpg
flight3_frame01041.jpg,flight3_frame01041.jpg
flight3_frame01051.jpg,flight3_frame01051.jpg
flight3_frame01061.jpg,flight3_frame01061.jpg
flight3_frame01071.jpg,flight3_frame01071.jpg
flight3_frame01081.jpg,flight3_frame01081.jpg
flight3_frame01091.jpg,flight3_frame01091.jpg
flight3_frame01101.jpg,flight3_frame01101.jpg
flight3_frame01111.jpg,flight3_frame01111.jpg
flight3_frame01121.jpg,flight3_frame01121.jpg
flight3_frame01131.jpg,flight3_frame01131.jpg
flight3_frame01141.jpg,flight3_frame01141.jpg
flight3_frame01151.jpg,flight3_frame01151.jpg
flight3_frame01161.jpg,flight3_frame01161.jpg
flight3_frame01171.jpg,flight3_frame01171.jpg
flight3_frame01181.jpg,flight3_frame01181.jpg
flight3_frame01191.jpg,flight3_frame01191.jpg
flight3_frame01201.jpg,flight3_frame01201.jpg
flight3_frame01211.jpg,flight3_frame01211.jpg
flight3_frame01221.jpg,flight3_frame01221.jpg
flight3_frame01231.jpg,flight3_frame01231.jpg
flight3_frame01241.jpg,flight3_frame01241.jpg
flight3_frame01251.jpg,flight3_frame01251.jpg
flight3_frame01261.jpg,flight3_frame01261.jpg
flight3_frame01271.jpg,flight3_frame01271.jpg
flight3_frame01281.jpg,flight3_frame01281.jpg
flight3_frame01291.jpg,flight3_frame01291.jpg
flight3_frame01301.jpg,flight3_frame01301.jpg
flight3_frame01311.jpg,flight3_frame01311.jpg
flight3_frame01321.jpg,flight3_frame01321.jpg
flight3_frame01331.jpg,flight3_frame01331.jpg
flight3_frame01341.jpg,flight3_frame01341.jpg
flight3_frame01351.jpg,flight3_frame01351.jpg
flight3_frame01361.jpg,flight3_frame01361.jpg
flight3_frame01371.jpg,flight3_frame01371.jpg
flight3_frame01381.jpg,flight3_frame01381.jpg
flight3_frame01391.jpg,flight3_frame01391.jpg
flight3_frame01401.jpg,flight3_frame01401.jpg
flight3_frame01411.jpg,flight3_frame01411.jpg
flight3_frame01421.jpg,flight3_frame01421.jpg
flight3_frame01431.jpg,flight3_frame01431.jpg
flight3_frame01441.jpg,flight3_frame01441.jpg
flight3_frame01451.jpg,flight3_frame01451.jpg
flight3_frame01461.jpg,flight3_frame01461.jpg
flight3_frame01471.jpg,flight3_frame01471.jpg
flight3_frame01481.jpg,flight3_frame01481.jpg
flight3_frame01491.jpg,flight3_frame01491.jpg
flight3_frame01501.jpg,flight3_frame01501.jpg
flight3_frame01511.jpg,flight3_frame01511.jpg
flight3_frame01521.jpg,flight3_frame01521.jpg
flight3_frame01531.jpg,flight3_frame01531.jpg
flight3_frame01541.jpg,flight3_frame01541.jpg
flight3_frame01551.jpg,flight3_frame01551.jpg
flight3_frame01561.jpg,flight3_frame01561.jpg
flight3_frame01571.jpg,flight3_frame01571.jpg
flight3_frame01581.jpg,flight3_frame01581.jpg
flight3_frame01591.jpg,flight3_frame01591.jpg
flight3_frame01601.jpg,flight3_frame01601.jpg
flight3_frame01611.jpg,flight3_frame01611.jpg
flight3_frame01621.jpg,flight3_frame01621.jpg
flight3_frame01631.jpg,flight3_frame01631.jpg
flight3_frame01641.jpg,flight3_frame01641.jpg
flight3_frame01651.jpg,flight3_frame01651.jpg
flight3_frame01661.jpg,flight3_frame01661.jpg
flight3_frame01671.jpg,flight3_frame01671.jpg
flight3_frame01681.jpg,flight3_frame01681.jpg
flight3_frame01691.jpg,flight3_frame01691.jpg
flight3_frame01701.jpg,flight3_frame01701.jpg
flight3_frame01711.jpg,flight3_frame01711.jpg
flight3_frame01721.jpg,flight3_frame01721.jpg
flight3_frame01731.jpg,flight3_frame01731.jpg
flight3_frame01741.jpg,flight3_frame01741.jpg
flight3_frame01751.jpg,flight3_frame01751.jpg
flight3_frame01761.jpg,flight3_frame01761.jpg
flight3_frame01771.jpg,flight3_frame01771.jpg
flight3_frame01781.jpg,flight3_frame01781.jpg
flight3_frame01791.jpg,flight3_frame01791.jpg
flight3_frame01801.jpg,flight3_frame01801.jpg
flight3_frame01811.jpg,flight3_frame01811.jpg
flight3_frame01821.jpg,flight3_frame01821.jpg
flight3_frame01831.jpg,flight3_frame01831.jpg
flight3_frame01841.jpg,flight3_frame01841.jpg
flight3_frame01851.jpg,flight3_frame01851.jpg
flight3_frame01861.jpg,flight3_frame01861.jpg
flight3_frame01871.jpg,flight3_frame01871.jpg
flight3_frame01881.jpg,flight3_frame01881.jpg
flight3_frame01891.jpg,flight3_frame01891.jpg
flight3_frame01901.jpg,flight3_frame01901.jpg
flight3_frame01911.jpg,flight3_frame01911.jpg
flight3_frame01921.jpg,flight3_frame01921.jpg
flight3_frame01931.jpg,flight3_frame01931.jpg
flight3_frame01941.jpg,flight3_frame01941.jpg
flight3_frame01951.jpg,flight3_frame01951.jpg
flight3_frame01961.jpg,flight3_frame01961.jpg
flight3_frame01971.jpg,flight3_frame01971.jpg
flight3_frame01981.jpg,flight3_frame01981.jpg
flight3_frame01991.jpg,flight3_frame01991.jpg
flight3_frame02001.jpg,flight3_frame02001.jpg
flight3_frame02011.jpg,flight3_frame02011.jpg
flight3_frame02021.jpg,flight3_frame02021.jpg
flight3_frame02031.jpg,flight3_frame02031.jpg
flight3_frame02041.jpg,flight3_frame02041.jpg
flight3_frame02051.jpg,flight3_frame02051.jpg
flight3_frame02061.jpg,flight3_frame02061.jpg
flight3_frame02071.jpg,flight3_frame02071.jpg
flight3_frame02081.jpg,flight3_frame02081.jpg
flight3_frame02091.jpg,flight3_frame02091.jpg
flight3_frame02101.jpg,flight3_frame02101.jpg
flight3_frame02111.jpg,flight3_frame02111.jpg
flight3_frame02121.jpg,flight3_frame02121.jpg
flight3_frame02131.jpg,flight3_frame02131.jpg
flight3_frame02141.jpg,flight3_frame02141.jpg
flight3_frame02151.jpg,flight3_frame02151.jpg
flight3_frame02161.jpg,flight3_frame02161.jpg
flight3_frame02171.jpg,flight3_frame02171.jpg
flight3_frame02181.jpg,flight3_frame02181.jpg
flight3_frame02191.jpg,flight3_frame02191.jpg
flight3_frame02201.jpg,flight3_frame02201.jpg
flight3_frame02211.jpg,flight3_frame02211.jpg
flight3_frame02221.jpg,flight3_frame02221.jpg
flight3_frame02231.jpg,flight3_frame02231.jpg
flight3_frame02241.jpg,flight3_frame02241.jpg
flight3_frame02251.jpg,flight3_frame02251.jpg
flight3_frame02261.jpg,flight3_frame02261.jpg
flight3_frame02271.jpg,flight3_frame02271.jpg
flight3_frame02281.jpg,flight3_frame02281.jpg
flight3_frame02291.jpg,flight3_frame02291.jpg
flight3_frame02301.jpg,flight3_frame02301.jpg
flight3_frame02311.jpg,flight3_frame02311.jpg
flight3_frame02321.jpg,flight3_frame02321.jpg
flight3_frame02331.jpg,flight3_frame02331.jpg
flight3_frame02341.jpg,flight3_frame02341.jpg
flight3_frame02351.jpg,flight3_frame02351.jpg
flight3_frame02361.jpg,flight3_frame02361.jpg
flight3_frame02371.jpg,flight3_frame02371.jpg
flight3_frame02381.jpg,flight3_frame02381.jpg
flight3_frame02391.jpg,flight3_frame02391.jpg
flight3_frame02401.jpg,flight3_frame02401.jpg
flight3_frame02411.jpg,flight3_frame02411.jpg
flight3_frame02421.jpg,flight3_frame02421.jpg
flight3_frame02431.jpg,flight3_frame02431.jpg
flight3_frame02441.jpg,flight3_frame02441.jpg
flight3_frame02451.jpg,flight3_frame02451.jpg
flight3_frame02461.jpg,flight3_frame02461.jpg
flight3_frame02471.jpg,flight3_frame02471.jpg
flight3_frame02481.jpg,flight3_frame02481.jpg
flight3_frame02491.jpg,flight3_frame02491.jpg
flight3_frame02501.jpg,flight3_frame02501.jpg
flight3_frame02511.jpg,flight3_frame02511.jpg
flight3_frame02521.jpg,flight3_frame02521.jpg
flight3_frame02531.jpg,flight3_frame02531.jpg
flight3_frame02541.jpg,flight3_frame02541.jpg
flight3_frame02551.jpg,flight3_frame02551.jpg
flight3_frame02561.jpg,flight3_frame02561.jpg
flight3_frame02571.jpg,flight3_frame02571.jpg
flight3_frame02581.jpg,flight3_frame02581.jpg
flight3_frame02591.jpg,flight3_frame02591.jpg
flight3_frame02601.jpg,flight3_frame02601.jpg
flight3_frame02611.jpg,flight3_frame02611.jpg
flight3_frame02621.jpg,flight3_frame02621.jpg
flight3_frame02631.jpg,flight3_frame02631.jpg
flight3_frame02641.jpg,flight3_frame02641.jpg
flight3_frame02651.jpg,flight3_frame02651.jpg
flight3_frame02661.jpg,flight3_frame02661.jpg
flight3_frame02671.jpg,flight3_frame02671.jpg
flight3_frame02681.jpg,flight3_frame02681.jpg
flight3_frame02691.jpg,flight3_frame02691.jpg
flight3_frame02701.jpg,flight3_frame02701.jpg
flight3_frame02711.jpg,flight3_frame02711.jpg
flight3_frame02721.jpg,flight3_frame02721.jpg
flight3_frame02731.jpg,flight3_frame02731.jpg
flight3_frame02741.jpg,flight3_frame02741.jpg
flight3_frame02751.jpg,flight3_frame02751.jpg
flight3_frame02761.jpg,flight3_frame02761.jpg
flight3_frame02771.jpg,flight3_frame02771.jpg
flight3_frame02781.jpg,flight3_frame02781.jpg
flight3_frame02791.jpg,flight3_frame02791.jpg
flight3_frame02801.jpg,flight3_frame02801.jpg
flight3_frame02811.jpg,flight3_frame02811.jpg
flight3_frame02821.jpg,flight3_frame02821.jpg
flight3_frame02831.jpg,flight3_frame02831.jpg
flight3_frame02841.jpg,flight3_frame02841.jpg
flight3_frame02851.jpg,flight3_frame02851.jpg
flight3_frame02861.jpg,flight3_frame02861.jpg
flight3_frame02871.jpg,flight3_frame02871.jpg
flight3_frame02881.jpg,flight3_frame02881.jpg
flight3_frame02891.jpg,flight3_frame02891.jpg
flight3_frame02901.jpg,flight3_frame02901.jpg
flight3_frame02911.jpg,flight3_frame02911.jpg
flight3_frame02921.jpg,flight3_frame02921.jpg
flight3_frame02931.jpg,flight3_frame02931.jpg
flight3_frame02941.jpg,flight3_frame02941.jpg
flight3_frame02951.jpg,flight3_frame02951.jpg
flight3_frame02961.jpg,flight3_frame02961.jpg
flight3_frame02971.jpg,flight3_frame02971.jpg
flight3_frame02981.jpg,flight3_frame02981.jpg
flight3_frame02991.jpg,flight3_frame02991.jpg
flight3_frame03001.jpg,flight3_frame03001.jpg
flight3_frame03011.jpg,flight3_frame03011.jpg
flight3_frame03021.jpg,flight3_frame03021.jpg
flight3_frame03031.jpg,flight3_frame03031.jpg
flight3_frame03041.jpg,flight3_frame03041.jpg
flight3_frame03051.jpg,flight3_frame03051.jpg
flight3_frame03061.jpg,flight3_frame03061.jpg
flight3_frame03071.jpg,flight3_frame03071.jpg
flight3_frame03081.jpg,flight3_frame03081.jpg
flight3_frame03091.jpg,flight3_frame03091.jpg
flight3_frame03101.jpg,flight3_frame03101.jpg
flight3_frame03111.jpg,flight3_frame03111.jpg
flight3_frame03121.jpg,flight3_frame03121.jpg
flight3_frame03131.jpg,flight3_frame03131.jpg
flight3_frame03141.jpg,flight3_frame03141.jpg
flight3_frame03151.jpg,flight3_frame03151.jpg
flight3_frame03161.jpg,flight3_frame03161.jpg
flight3_frame03171.jpg,flight3_frame03171.jpg
flight3_frame03181.jpg,flight3_frame03181.jpg
flight3_frame03191.jpg,flight3_frame03191.jpg
flight3_frame03201.jpg,flight3_frame03201.jpg
flight3_frame03211.jpg,flight3_frame03211.jpg
flight3_frame03221.jpg,flight3_frame03221.jpg
flight3_frame03231.jpg,flight3_frame03231.jpg
flight3_frame03241.jpg,flight3_frame03241.jpg
flight3_frame03251.jpg,flight3_frame03251.jpg
flight3_frame03261.jpg,flight3_frame03261.jpg
flight3_frame03271.jpg,flight3_frame03271.jpg
flight3_frame03281.jpg,flight3_frame03281.jpg
flight3_frame03291.jpg,flight3_frame03291.jpg
flight3_frame03301.jpg,flight3_frame03301.jpg
flight3_frame03311.jpg,flight3_frame03311.jpg
flight3_frame03321.jpg,flight3_frame03321.jpg
flight3_frame03331.jpg,flight3_frame03331.jpg
flight3_frame03341.jpg,flight3_frame03341.jpg
flight3_frame03351.jpg,flight3_frame03351.jpg
flight3_frame03361.jpg,flight3_frame03361.jpg
flight3_frame03371.jpg,flight3_frame03371.jpg
flight3_frame03381.jpg,flight3_frame03381.jpg
flight3_frame03391.jpg,flight3_frame03391.jpg
flight3_frame03401.jpg,flight3_frame03401.jpg
flight3_frame03411.jpg,flight3_frame03411.jpg
flight3_frame03421.jpg,flight3_frame03421.jpg
flight3_frame03431.jpg,flight3_frame03431.jpg
flight3_frame03441.jpg,flight3_frame03441.jpg
flight3_frame03451.jpg,flight3_frame03451.jpg
flight3_frame03461.jpg,flight3_frame03461.jpg
flight3_frame03471.jpg,flight3_frame03471.jpg
flight3_frame03481.jpg,flight3_frame03481.jpg
flight3_frame03491.jpg,flight3_frame03491.jpg
flight3_frame03501.jpg,flight3_frame03501.jpg
flight3_frame03511.jpg,flight3_frame03511.jpg
flight3_frame03521.jpg,flight3_frame03521.jpg
flight3_frame03531.jpg,flight3_frame03531.jpg
flight3_frame03541.jpg,flight3_frame03541.jpg
flight3_frame03551.jpg,flight3_frame03551.jpg
flight3_frame03561.jpg,flight3_frame03561.jpg
flight3_frame03571.jpg,flight3_frame03571.jpg
flight3_frame03581.jpg,flight3_frame03581.jpg
flight3_frame03591.jpg,flight3_frame03591.jpg
flight3_frame03601.jpg,flight3_frame03601.jpg
flight3_frame03611.jpg,flight3_frame03611.jpg
flight3_frame03621.jpg,flight3_frame03621.jpg
flight3_frame03631.jpg,flight3_frame03631.jpg
flight3_frame03641.jpg,flight3_frame03641.jpg
flight3_frame03651.jpg,flight3_frame03651.jpg
flight3_frame03661.jpg,flight3_frame03661.jpg
flight3_frame03671.jpg,flight3_frame03671.jpg
flight3_frame03681.jpg,flight3_frame03681.jpg
flight3_frame03691.jpg,flight3_frame03691.jpg
flight3_frame03701.jpg,flight3_frame03701.jpg
flight3_frame03711.jpg,flight3_frame03711.jpg
flight3_frame03721.jpg,flight3_frame03721.jpg
flight3_frame03731.jpg,flight3_frame03731.jpg
flight3_frame03741.jpg,flight3_frame03741.jpg
flight3_frame03751.jpg,flight3_frame03751.jpg
flight3_frame03761.jpg,flight3_frame03761.jpg
flight3_frame03771.jpg,flight3_frame03771.jpg
flight3_frame03781.jpg,flight3_frame03781.jpg
flight3_frame03791.jpg,flight3_frame03791.jpg
flight3_frame03801.jpg,flight3_frame03801.jpg
flight3_frame03811.jpg,flight3_frame03811.jpg
flight3_frame03821.jpg,flight3_frame03821.jpg
flight3_frame03831.jpg,flight3_frame03831.jpg
flight3_frame03841.jpg,flight3_frame03841.jpg
flight3_frame03851.jpg,flight3_frame03851.jpg
flight3_frame03861.jpg,flight3_frame03861.jpg
flight3_frame03871.jpg,flight3_frame03871.jpg
flight3_frame03881.jpg,flight3_frame03881.jpg
flight3_frame03891.jpg,flight3_frame03891.jpg
flight3_frame03901.jpg,flight3_frame03901.jpg
flight3_frame03911.jpg,flight3_frame03911.jpg
flight3_frame03921.jpg,flight3_frame03921.jpg
flight3_frame03931.jpg,flight3_frame03931.jpg
flight3_frame03941.jpg,flight3_frame03941.jpg
flight3_frame03951.jpg,flight3_frame03951.jpg
flight3_frame03961.jpg,flight3_frame03961.jpg
flight3_frame03971.jpg,flight3_frame03971.jpg
flight3_frame03981.jpg,flight3_frame03981.jpg
flight3_frame03991.jpg,flight3_frame03991.jpg
flight3_frame04001.jpg,flight3_frame04001.jpg
flight3_frame04011.jpg,flight3_frame04011.jpg
flight3_frame04021.jpg,flight3_frame04021.jpg
flight3_frame04031.jpg,flight3_frame04031.jpg
flight3_frame04041.jpg,flight3_frame04041.jpg
flight3_frame04051.jpg,flight3_frame04051.jpg
flight3_frame04061.jpg,flight3_frame04061.jpg
flight3_frame04071.jpg,flight3_frame04071.jpg
flight3_frame04081.jpg,flight3_frame04081.jpg
flight3_frame04091.jpg,flight3_frame04091.jpg
flight3_frame04101.jpg,flight3_frame04101.jpg
flight3_frame04111.jpg,flight3_frame04111.jpg
flight3_frame04121.jpg,flight3_frame04121.jpg
flight3_frame04131.jpg,flight3_frame04131.jpg
flight3_frame04141.jpg,flight3_frame04141.jpg
flight3_frame04151.jpg,flight3_frame04151.jpg
flight3_frame04161.jpg,flight3_frame04161.jpg
flight3_frame04171.jpg,flight3_frame04171.jpg
flight3_frame04181.jpg,flight3_frame04181.jpg
flight3_frame04191.jpg,flight3_frame04191.jpg
flight3_frame04201.jpg,flight3_frame04201.jpg
flight3_frame04211.jpg,flight3_frame04211.jpg
flight3_frame04221.jpg,flight3_frame04221.jpg
flight3_frame04231.jpg,flight3_frame04231.jpg
flight3_frame04241.jpg,flight3_frame04241.jpg
flight3_frame04251.jpg,flight3_frame04251.jpg
flight3_frame04261.jpg,flight3_frame04261.jpg
flight3_frame04271.jpg,flight3_frame04271.jpg
flight3_frame04281.jpg,flight3_frame04281.jpg
flight3_frame04291.jpg,flight3_frame04291.jpg
flight3_frame04301.jpg,flight3_frame04301.jpg
flight3_frame04311.jpg,flight3_frame04311.jpg
flight3_frame04321.jpg,flight3_frame04321.jpg
flight3_frame04331.jpg,flight3_frame04331.jpg
flight3_frame04341.jpg,flight3_frame04341.jpg
flight3_frame04351.jpg,flight3_frame04351.jpg
flight3_frame04361.jpg,flight3_frame04361.jpg
flight3_frame04371.jpg,flight3_frame04371.jpg
flight3_frame04381.jpg,flight3_frame04381.jpg
flight3_frame04391.jpg,flight3_frame04391.jpg
flight3_frame04401.jpg,flight3_frame04401.jpg
flight3_frame04411.jpg,flight3_frame04411.jpg
flight3_frame04421.jpg,flight3_frame04421.jpg
flight3_frame04431.jpg,flight3_frame04431.jpg
flight3_frame04441.jpg,flight3_frame04441.jpg
flight3_frame04451.jpg,flight3_frame04451.jpg
flight3_frame04461.jpg,flight3_frame04461.jpg
flight3_frame04471.jpg,flight3_frame04471.jpg
flight3_frame04481.jpg,flight3_frame04481.jpg
flight3_frame04491.jpg,flight3_frame04491.jpg
flight3_frame04501.jpg,flight3_frame04501.jpg
flight3_frame04511.jpg,flight3_frame04511.jpg
flight3_frame04521.jpg,flight3_frame04521.jpg
flight3_frame04531.jpg,flight3_frame04531.jpg
flight3_frame04541.jpg,flight3_frame04541.jpg
flight3_frame04551.jpg,flight3_frame04551.jpg
flight3_frame04561.jpg,flight3_frame04561.jpg
flight3_frame04571.jpg,flight3_frame04571.jpg
flight3_frame04581.jpg,flight3_frame04581.jpg
flight3_frame04591.jpg,flight3_frame04591.jpg
flight3_frame04601.jpg,flight3_frame04601.jpg
flight3_frame04611.jpg,flight3_frame04611.jpg
flight3_frame04621.jpg,flight3_frame04621.jpg
flight3_frame04631.jpg,flight3_frame04631.jpg
flight3_frame04671.jpg,flight3_frame04671.jpg
flight3_frame04681.jpg,flight3_frame04681.jpg
flight3_frame04691.jpg,flight3_frame04691.jpg
flight3_frame04701.jpg,flight3_frame04701.jpg
flight3_frame04711.jpg,flight3_frame04711.jpg
flight3_frame04721.jpg,flight3_frame04721.jpg
flight3_frame04731.jpg,flight3_frame04731.jpg
flight3_frame04741.jpg,flight3_frame04741.jpg
flight3_frame04751.jpg,flight3_frame04751.jpg
flight3_frame04761.jpg,flight3_frame04761.jpg
flight3_frame04771.jpg,flight3_frame04771.jpg
flight3_frame04781.jpg,flight3_frame04781.jpg
flight3_frame04791.jpg,flight3_frame04791.jpg
flight3_frame04801.jpg,flight3_frame04801.jpg
flight3_frame04811.jpg,flight3_frame04811.jpg
flight3_frame04821.jpg,flight3_frame04821.jpg
flight3_frame04831.jpg,flight3_frame04831.jpg
flight3_frame04841.jpg,flight3_frame04841.jpg
flight3_frame04851.jpg,flight3_frame04851.jpg
flight3_frame04861.jpg,flight3_frame04861.jpg
flight3_frame04871.jpg,flight3_frame04871.jpg
flight3_frame04881.jpg,flight3_frame04881.jpg
flight3_frame04891.jpg,flight3_frame04891.jpg
flight3_frame04901.jpg,flight3_frame04901.jpg
flight3_frame04911.jpg,flight3_frame04911.jpg
flight3_frame04921.jpg,flight3_frame04921.jpg
flight3_frame04931.jpg,flight3_frame04931.jpg
flight3_frame04941.jpg,flight3_frame04941.jpg
flight3_frame04951.jpg,flight3_frame04951.jpg
flight3_frame04961.jpg,flight3_frame04961.jpg
flight3_frame04971.jpg,flight3_frame04971.jpg
flight3_frame04981.jpg,flight3_frame04981.jpg
flight3_frame04991.jpg,flight3_frame04991.jpg
flight3_frame05001.jpg,flight3_frame05001.jpg
flight3_frame05011.jpg,flight3_frame05011.jpg
flight3_frame05021.jpg,flight3_frame05021.jpg
flight3_frame05031.jpg,flight3_frame05031.jpg
flight3_frame05041.jpg,flight3_frame05041.jpg
flight3_frame05051.jpg,flight3_frame05051.jpg
flight3_frame05061.jpg,flight3_frame05061.jpg
flight3_frame05071.jpg,flight3_frame05071.jpg
flight3_frame05081.jpg,flight3_frame05081.jpg
flight3_frame05091.jpg,flight3_frame05091.jpg
flight3_frame05101.jpg,flight3_frame05101.jpg
flight3_frame05111.jpg,flight3_frame05111.jpg
flight3_frame05121.jpg,flight3_frame05121.jpg
flight3_frame05131.jpg,flight3_frame05131.jpg
flight3_frame05141.jpg,flight3_frame05141.jpg
flight3_frame05151.jpg,flight3_frame05151.jpg
flight3_frame05161.jpg,flight3_frame05161.jpg
flight3_frame05171.jpg,flight3_frame05171.jpg
flight3_frame05181.jpg,flight3_frame05181.jpg
flight3_frame05191.jpg,flight3_frame05191.jpg
flight3_frame05201.jpg,flight3_frame05201.jpg
flight3_frame05211.jpg,flight3_frame05211.jpg
flight3_frame05221.jpg,flight3_frame05221.jpg
flight3_frame05231.jpg,flight3_frame05231.jpg
flight3_frame05241.jpg,flight3_frame05241.jpg
flight3_frame05251.jpg,flight3_frame05251.jpg
flight3_frame05261.jpg,flight3_frame05261.jpg
flight3_frame05271.jpg,flight3_frame05271.jpg
flight3_frame05281.jpg,flight3_frame05281.jpg
flight3_frame05291.jpg,flight3_frame05291.jpg
flight3_frame05301.jpg,flight3_frame05301.jpg
flight3_frame05311.jpg,flight3_frame05311.jpg
flight3_frame05321.jpg,flight3_frame05321.jpg
flight3_frame05331.jpg,flight3_frame05331.jpg
flight3_frame05341.jpg,flight3_frame05341.jpg
flight3_frame05351.jpg,flight3_frame05351.jpg
flight3_frame05361.jpg,flight3_frame05361.jpg
flight3_frame05371.jpg,flight3_frame05371.jpg
flight3_frame05381.jpg,flight3_frame05381.jpg
flight3_frame05391.jpg,flight3_frame05391.jpg
flight3_frame05401.jpg,flight3_frame05401.jpg
flight3_frame05411.jpg,flight3_frame05411.jpg
flight3_frame05421.jpg,flight3_frame05421.jpg
flight3_frame05431.jpg,flight3_frame05431.jpg
flight3_frame05441.jpg,flight3_frame05441.jpg
flight3_frame05451.jpg,flight3_frame05451.jpg
flight3_frame05461.jpg,flight3_frame05461.jpg
flight3_frame05471.jpg,flight3_frame05471.jpg
flight3_frame05481.jpg,flight3_frame05481.jpg
flight3_frame05491.jpg,flight3_frame05491.jpg
flight3_frame05501.jpg,flight3_frame05501.jpg
flight3_frame05511.jpg,flight3_frame05511.jpg
flight3_frame05521.jpg,flight3_frame05521.jpg
flight3_frame05531.jpg,flight3_frame05531.jpg
flight3_frame05541.jpg,flight3_frame05541.jpg
flight3_frame05551.jpg,flight3_frame05551.jpg
flight3_frame05561.jpg,flight3_frame05561.jpg
flight3_frame05571.jpg,flight3_frame05571.jpg
flight3_frame05581.jpg,flight3_frame05581.jpg
flight3_frame05591.jpg,flight3_frame05591.jpg
flight3_frame05601.jpg,flight3_frame05601.jpg
flight3_frame05611.jpg,flight3_frame05611.jpg
flight3_frame05621.jpg,flight3_frame05621.jpg
flight3_frame05631.jpg,flight3_frame05631.jpg
flight3_frame05641.jpg,flight3_frame05641.jpg
flight3_frame05651.jpg,flight3_frame05651.jpg
flight3_frame05661.jpg,flight3_frame05661.jpg
flight3_frame05671.jpg,flight3_frame05671.jpg
flight3_frame05681.jpg,flight3_frame05681.jpg
flight3_frame05691.jpg,flight3_frame05691.jpg
flight3_frame05701.jpg,flight3_frame05701.jpg
flight3_frame05711.jpg,flight3_frame05711.jpg
flight3_frame05721.jpg,flight3_frame05721.jpg
flight3_frame05731.jpg,flight3_frame05731.jpg
flight3_frame05741.jpg,flight3_frame05741.jpg
flight3_frame05751.jpg,flight3_frame05751.jpg
flight3_frame05761.jpg,flight3_frame05761.jpg
flight3_frame05771.jpg,flight3_frame05771.jpg
flight3_frame05781.jpg,flight3_frame05781.jpg
flight3_frame05791.jpg,flight3_frame05791.jpg
flight3_frame05801.jpg,flight3_frame05801.jpg
flight3_frame05811.jpg,flight3_frame05811.jpg
flight3_frame05821.jpg,flight3_frame05821.jpg
flight3_frame05831.jpg,flight3_frame05831.jpg
flight3_frame05841.jpg,flight3_frame05841.jpg
flight3_frame05851.jpg,flight3_frame05851.jpg
flight3_frame05861.jpg,flight3_frame05861.jpg
flight3_frame05871.jpg,flight3_frame05871.jpg
flight3_frame05881.jpg,flight3_frame05881.jpg
flight3_frame05891.jpg,flight3_frame05891.jpg
flight3_frame05901.jpg,flight3_frame05901.jpg
flight3_frame05911.jpg,flight3_frame05911.jpg
flight3_frame05921.jpg,flight3_frame05921.jpg
flight3_frame05931.jpg,flight3_frame05931.jpg
flight3_frame05941.jpg,flight3_frame05941.jpg
flight3_frame05951.jpg,flight3_frame05951.jpg
flight3_frame05961.jpg,flight3_frame05961.jpg
flight3_frame05971.jpg,flight3_frame05971.jpg
flight3_frame05981.jpg,flight3_frame05981.jpg
flight3_frame05991.jpg,flight3_frame05991.jpg
flight3_frame06001.jpg,flight3_frame06001.jpg
flight3_frame06011.jpg,flight3_frame06011.jpg
flight3_frame06021.jpg,flight3_frame06021.jpg
flight3_frame06031.jpg,flight3_frame06031.jpg
flight3_frame06041.jpg,flight3_frame06041.jpg
flight3_frame06051.jpg,flight3_frame06051.jpg
flight3_frame06061.jpg,flight3_frame06061.jpg
flight3_frame06071.jpg,flight3_frame06071.jpg
flight3_frame06081.jpg,flight3_frame06081.jpg
flight3_frame06091.jpg,flight3_frame06091.jpg
flight3_frame06101.jpg,flight3_frame06101.jpg
flight3_frame06111.jpg,flight3_frame06111.jpg
flight3_frame06121.jpg,flight3_frame06121.jpg
flight3_frame06131.jpg,flight3_frame06131.jpg
flight3_frame06141.jpg,flight3_frame06141.jpg
flight3_frame06151.jpg,flight3_frame06151.jpg
flight3_frame06161.jpg,flight3_frame06161.jpg
flight3_frame06171.jpg,flight3_frame06171.jpg
flight3_frame06181.jpg,flight3_frame06181.jpg
flight3_frame06191.jpg,flight3_frame06191.jpg
flight3_frame06201.jpg,flight3_frame06201.jpg
flight3_frame06211.jpg,flight3_frame06211.jpg
flight3_frame06221.jpg,flight3_frame06221.jpg
flight3_frame06231.jpg,flight3_frame06231.jpg
flight3_frame06241.jpg,flight3_frame06241.jpg
flight3_frame06251.jpg,flight3_frame06251.jpg
flight3_frame06261.jpg,flight3_frame06261.jpg
flight3_frame06271.jpg,flight3_frame06271.jpg
flight3_frame06281.jpg,flight3_frame06281.jpg
flight3_frame06291.jpg,flight3_frame06291.jpg
flight3_frame06301.jpg,flight3_frame06301.jpg
flight3_frame06311.jpg,flight3_frame06311.jpg
flight3_frame06321.jpg,flight3_frame06321.jpg
flight3_frame06331.jpg,flight3_frame06331.jpg
flight3_frame06341.jpg,flight3_frame06341.jpg
flight3_frame06351.jpg,flight3_frame06351.jpg
flight3_frame06361.jpg,flight3_frame06361.jpg
flight3_frame06371.jpg,flight3_frame06371.jpg
flight3_frame06381.jpg,flight3_frame06381.jpg
flight3_frame06391.jpg,flight3_frame06391.jpg
flight3_frame06401.jpg,flight3_frame06401.jpg
flight3_frame06411.jpg,flight3_frame06411.jpg
flight3_frame06421.jpg,flight3_frame06421.jpg
flight3_frame06431.jpg,flight3_frame06431.jpg
flight3_frame06441.jpg,flight3_frame06441.jpg
flight3_frame06451.jpg,flight3_frame06451.jpg
flight3_frame06461.jpg,flight3_frame06461.jpg
flight3_frame06471.jpg,flight3_frame06471.jpg
flight3_frame06481.jpg,flight3_frame06481.jpg
flight3_frame06491.jpg,flight3_frame06491.jpg
flight3_frame06501.jpg,flight3_frame06501.jpg
flight3_frame06511.jpg,flight3_frame06511.jpg
flight3_frame06521.jpg,flight3_frame06521.jpg
flight3_frame06531.jpg,flight3_frame06531.jpg
flight3_frame06541.jpg,flight3_frame06541.jpg
flight3_frame06551.jpg,flight3_frame06551.jpg
flight3_frame06561.jpg,flight3_frame06561.jpg
flight3_frame06571.jpg,flight3_frame06571.jpg
flight3_frame06581.jpg,flight3_frame06581.jpg
flight3_frame06591.jpg,flight3_frame06591.jpg
flight3_frame06601.jpg,flight3_frame06601.jpg
flight3_frame06611.jpg,flight3_frame06611.jpg
flight3_frame06621.jpg,flight3_frame06621.jpg
flight3_frame06631.jpg,flight3_frame06631.jpg
flight3_frame06641.jpg,flight3_frame06641.jpg
flight3_frame06651.jpg,flight3_frame06651.jpg
flight3_frame06661.jpg,flight3_frame06661.jpg
flight3_frame06671.jpg,flight3_frame06671.jpg
flight3_frame06681.jpg,flight3_frame06681.jpg
flight3_frame06691.jpg,flight3_frame06691.jpg
flight3_frame06701.jpg,flight3_frame06701.jpg
flight3_frame06711.jpg,flight3_frame06711.jpg
flight3_frame06721.jpg,flight3_frame06721.jpg
flight3_frame06731.jpg,flight3_frame06731.jpg
flight3_frame06741.jpg,flight3_frame06741.jpg
flight3_frame06751.jpg,flight3_frame06751.jpg
flight3_frame06761.jpg,flight3_frame06761.jpg
flight3_frame06771.jpg,flight3_frame06771.jpg
flight3_frame06781.jpg,flight3_frame06781.jpg
flight3_frame06791.jpg,flight3_frame06791.jpg
flight3_frame06801.jpg,flight3_frame06801.jpg
flight3_frame06811.jpg,flight3_frame06811.jpg
flight3_frame06821.jpg,flight3_frame06821.jpg
flight3_frame06831.jpg,flight3_frame06831.jpg
flight3_frame06841.jpg,flight3_frame06841.jpg
flight3_frame06851.jpg,flight3_frame06851.jpg
flight3_frame06861.jpg,flight3_frame06861.jpg
flight3_frame06871.jpg,flight3_frame06871.jpg
flight3_frame06881.jpg,flight3_frame06881.jpg
flight3_frame06891.jpg,flight3_frame06891.jpg
flight3_frame06901.jpg,flight3_frame06901.jpg
flight3_frame06911.jpg,flight3_frame06911.jpg
flight3_frame06921.jpg,flight3_frame06921.jpg
flight3_frame06931.jpg,flight3_frame06931.jpg
flight3_frame06941.jpg,flight3_frame06941.jpg
flight3_frame06951.jpg,flight3_frame06951.jpg
flight3_frame06961.jpg,flight3_frame06961.jpg
flight3_frame06971.jpg,flight3_frame06971.jpg
flight3_frame06981.jpg,flight3_frame06981.jpg
flight3_frame06991.jpg,flight3_frame06991.jpg
flight3_frame07001.jpg,flight3_frame07001.jpg
flight3_frame07011.jpg,flight3_frame07011.jpg
flight3_frame07021.jpg,flight3_frame07021.jpg
flight3_frame07031.jpg,flight3_frame07031.jpg
flight3_frame07041.jpg,flight3_frame07041.jpg
flight3_frame07051.jpg,flight3_frame07051.jpg
flight3_frame07061.jpg,flight3_frame07061.jpg
flight3_frame07071.jpg,flight3_frame07071.jpg
flight3_frame07081.jpg,flight3_frame07081.jpg
flight3_frame07091.jpg,flight3_frame07091.jpg
flight3_frame07101.jpg,flight3_frame07101.jpg
flight3_frame07111.jpg,flight3_frame07111.jpg
flight3_frame07121.jpg,flight3_frame07121.jpg
flight3_frame07131.jpg,flight3_frame07131.jpg
flight3_frame07141.jpg,flight3_frame07141.jpg
flight3_frame07151.jpg,flight3_frame07151.jpg
flight3_frame07161.jpg,flight3_frame07161.jpg
flight3_frame07171.jpg,flight3_frame07171.jpg
flight3_frame07181.jpg,flight3_frame07181.jpg
flight3_frame07191.jpg,flight3_frame07191.jpg
flight3_frame07201.jpg,flight3_frame07201.jpg
flight3_frame07211.jpg,flight3_frame07211.jpg
flight3_frame07221.jpg,flight3_frame07221.jpg
flight3_frame07231.jpg,flight3_frame07231.jpg
flight3_frame07241.jpg,flight3_frame07241.jpg
flight3_frame07251.jpg,flight3_frame07251.jpg
flight3_frame07261.jpg,flight3_frame07261.jpg
flight3_frame07271.jpg,flight3_frame07271.jpg
flight3_frame07281.jpg,flight3_frame07281.jpg
flight3_frame07291.jpg,flight3_frame07291.jpg
flight3_frame07301.jpg,flight3_frame07301.jpg
flight3_frame07311.jpg,flight3_frame07311.jpg
flight3_frame07321.jpg,flight3_frame07321.jpg
flight3_frame07331.jpg,flight3_frame07331.jpg
flight3_frame07341.jpg,flight3_frame07341.jpg
flight3_frame07351.jpg,flight3_frame07351.jpg
flight3_frame07361.jpg,flight3_frame07361.jpg
flight3_frame07371.jpg,flight3_frame07371.jpg
flight3_frame07381.jpg,flight3_frame07381.jpg
flight3_frame07391.jpg,flight3_frame07391.jpg
flight3_frame07401.jpg,flight3_frame07401.jpg
flight3_frame07411.jpg,flight3_frame07411.jpg
flight3_frame07421.jpg,flight3_frame07421.jpg
flight3_frame07431.jpg,flight3_frame07431.jpg
flight3_frame07441.jpg,flight3_frame07441.jpg
flight3_frame07451.jpg,flight3_frame07451.jpg
flight3_frame07461.jpg,flight3_frame07461.jpg
flight3_frame07471.jpg,flight3_frame07471.jpg
flight3_frame07481.jpg,flight3_frame07481.jpg
flight3_frame07491.jpg,flight3_frame07491.jpg
flight3_frame07501.jpg,flight3_frame07501.jpg
flight3_frame07511.jpg,flight3_frame07511.jpg
flight3_frame07521.jpg,flight3_frame07521.jpg
flight3_frame07531.jpg,flight3_frame07531.jpg
flight3_frame07541.jpg,flight3_frame07541.jpg
flight3_frame07551.jpg,flight3_frame07551.jpg
flight3_frame07561.jpg,flight3_frame07561.jpg
flight3_frame07571.jpg,flight3_frame07571.jpg
flight3_frame07581.jpg,flight3_frame07581.jpg
flight3_frame07591.jpg,flight3_frame07591.jpg
flight3_frame07601.jpg,flight3_frame07601.jpg
flight3_frame07611.jpg,flight3_frame07611.jpg
flight3_frame07621.jpg,flight3_frame07621.jpg
flight3_frame07631.jpg,flight3_frame07631.jpg
flight3_frame07641.jpg,flight3_frame07641.jpg
flight3_frame07651.jpg,flight3_frame07651.jpg
flight3_frame07661.jpg,flight3_frame07661.jpg
flight3_frame07671.jpg,flight3_frame07671.jpg
flight3_frame07681.jpg,flight3_frame07681.jpg
flight3_frame07691.jpg,flight3_frame07691.jpg
flight3_frame07701.jpg,flight3_frame07701.jpg
flight3_frame07711.jpg,flight3_frame07711.jpg
flight3_frame07721.jpg,flight3_frame07721.jpg
flight3_frame07731.jpg,flight3_frame07731.jpg
flight3_frame07741.jpg,flight3_frame07741.jpg
flight3_frame07751.jpg,flight3_frame07751.jpg
flight3_frame07761.jpg,flight3_frame07761.jpg
flight3_frame07771.jpg,flight3_frame07771.jpg
flight3_frame07781.jpg,flight3_frame07781.jpg
flight3_frame07791.jpg,flight3_frame07791.jpg
flight3_frame07801.jpg,flight3_frame07801.jpg
flight3_frame07811.jpg,flight3_frame07811.jpg
flight3_frame07821.jpg,flight3_frame07821.jpg
flight3_frame07831.jpg,flight3_frame07831.jpg
flight3_frame07841.jpg,flight3_frame07841.jpg
flight3_frame07851.jpg,flight3_frame07851.jpg
flight3_frame07861.jpg,flight3_frame07861.jpg
flight3_frame07871.jpg,flight3_frame07871.jpg
flight3_frame07881.jpg,flight3_frame07881.jpg
flight3_frame07891.jpg,flight3_frame07891.jpg
flight3_frame07901.jpg,flight3_frame07901.jpg
flight3_frame07911.jpg,flight3_frame07911.jpg
flight3_frame07921.jpg,flight3_frame07921.jpg
flight3_frame07931.jpg,flight3_frame07931.jpg
flight3_frame07941.jpg,flight3_frame07941.jpg
flight3_frame07951.jpg,flight3_frame07951.jpg
flight3_frame07961.jpg,flight3_frame07961.jpg
flight3_frame07971.jpg,flight3_frame07971.jpg
flight3_frame07981.jpg,flight3_frame07981.jpg
flight3_frame07991.jpg,flight3_frame07991.jpg
flight3_frame08001.jpg,flight3_frame08001.jpg
flight3_frame08011.jpg,flight3_frame08011.jpg
flight3_frame08021.jpg,flight3_frame08021.jpg
flight3_frame08031.jpg,flight3_frame08031.jpg
flight3_frame08041.jpg,flight3_frame08041.jpg
flight3_frame08051.jpg,flight3_frame08051.jpg
flight3_frame08061.jpg,flight3_frame08061.jpg
flight3_frame08071.jpg,flight3_frame08071.jpg
flight3_frame08081.jpg,flight3_frame08081.jpg
flight3_frame08091.jpg,flight3_frame08091.jpg
flight3_frame08101.jpg,flight3_frame08101.jpg
flight3_frame08111.jpg,flight3_frame08111.jpg
flight3_frame08121.jpg,flight3_frame08121.jpg
flight3_frame08131.jpg,flight3_frame08131.jpg
flight3_frame08141.jpg,flight3_frame08141.jpg
flight3_frame08151.jpg,flight3_frame08151.jpg
flight3_frame08161.jpg,flight3_frame08161.jpg
flight3_frame08171.jpg,flight3_frame08171.jpg
flight3_frame08181.jpg,flight3_frame08181.jpg
flight3_frame08191.jpg,flight3_frame08191.jpg
flight3_frame08201.jpg,flight3_frame08201.jpg
flight3_frame08211.jpg,flight3_frame08211.jpg
flight3_frame08221.jpg,flight3_frame08221.jpg
flight3_frame08231.jpg,flight3_frame08231.jpg
flight3_frame08241.jpg,flight3_frame08241.jpg
flight3_frame08251.jpg,flight3_frame08251.jpg
flight3_frame08261.jpg,flight3_frame08261.jpg
flight3_frame08271.jpg,flight3_frame08271.jpg
flight3_frame08281.jpg,flight3_frame08281.jpg
flight3_frame08291.jpg,flight3_frame08291.jpg
flight3_frame08301.jpg,flight3_frame08301.jpg
flight3_frame08311.jpg,flight3_frame08311.jpg
flight3_frame08321.jpg,flight3_frame08321.jpg
flight3_frame08331.jpg,flight3_frame08331.jpg
flight3_frame08341.jpg,flight3_frame08341.jpg
flight3_frame08351.jpg,flight3_frame08351.jpg
flight3_frame08361.jpg,flight3_frame08361.jpg
flight3_frame08371.jpg,flight3_frame08371.jpg
flight3_frame08381.jpg,flight3_frame08381.jpg
flight3_frame08391.jpg,flight3_frame08391.jpg
flight3_frame08401.jpg,flight3_frame08401.jpg
flight3_frame08411.jpg,flight3_frame08411.jpg
flight3_frame08421.jpg,flight3_frame08421.jpg
flight3_frame08431.jpg,flight3_frame08431.jpg
flight3_frame08441.jpg,flight3_frame08441.jpg
flight3_frame08451.jpg,flight3_frame08451.jpg
flight3_frame08461.jpg,flight3_frame08461.jpg
flight3_frame08471.jpg,flight3_frame08471.jpg
flight3_frame08481.jpg,flight3_frame08481.jpg
flight3_frame08491.jpg,flight3_frame08491.jpg
flight3_frame08501.jpg,flight3_frame08501.jpg
flight3_frame08511.jpg,flight3_frame08511.jpg
flight3_frame08521.jpg,flight3_frame08521.jpg
flight3_frame08531.jpg,flight3_frame08531.jpg
flight3_frame08541.jpg,flight3_frame08541.jpg
flight3_frame08551.jpg,flight3_frame08551.jpg
flight3_frame08561.jpg,flight3_frame08561.jpg
flight3_frame08571.jpg,flight3_frame08571.jpg
flight3_frame08581.jpg,flight3_frame08581.jpg
flight3_frame08591.jpg,flight3_frame08591.jpg
flight3_frame08601.jpg,flight3_frame08601.jpg
flight3_frame08611.jpg,flight3_frame08611.jpg
flight3_frame08621.jpg,flight3_frame08621.jpg
flight3_frame08631.jpg,flight3_frame08631.jpg
flight3_frame08641.jpg,flight3_frame08641.jpg
flight3_frame08651.jpg,flight3_frame08651.jpg
flight3_frame08661.jpg,flight3_frame08661.jpg
flight3_frame08671.jpg,flight3_frame08671.jpg
flight3_frame08681.jpg,flight3_frame08681.jpg
flight3_frame08691.jpg,flight3_frame08691.jpg
flight3_frame08701.jpg,flight3_frame08701.jpg
flight3_frame08711.jpg,flight3_frame08711.jpg
flight3_frame08721.jpg,flight3_frame08721.jpg
flight3_frame08731.jpg,flight3_frame08731.jpg
flight3_frame08741.jpg,flight3_frame08741.jpg
flight3_frame08751.jpg,flight3_frame08751.jpg
flight3_frame08761.jpg,flight3_frame08761.jpg
flight3_frame08771.jpg,flight3_frame08771.jpg
flight3_frame08781.jpg,flight3_frame08781.jpg
flight3_frame08791.jpg,flight3_frame08791.jpg
flight3_frame08801.jpg,flight3_frame08801.jpg
flight3_frame08811.jpg,flight3_frame08811.jpg
flight3_frame08821.jpg,flight3_frame08821.jpg
flight3_frame08831.jpg,flight3_frame08831.jpg
flight3_frame08841.jpg,flight3_frame08841.jpg
flight3_frame08851.jpg,flight3_frame08851.jpg
flight3_frame08861.jpg,flight3_frame08861.jpg
flight3_frame08871.jpg,flight3_frame08871.jpg
flight3_frame08881.jpg,flight3_frame08881.jpg
flight3_frame08891.jpg,flight3_frame08891.jpg
flight3_frame08901.jpg,flight3_frame08901.jpg
flight3_frame08911.jpg,flight3_frame08911.jpg
flight3_frame08921.jpg,flight3_frame08921.jpg
flight3_frame08931.jpg,flight3_frame08931.jpg
flight3_frame08941.jpg,flight3_frame08941.jpg
flight3_frame08951.jpg,flight3_frame08951.jpg
flight3_frame08961.jpg,flight3_frame08961.jpg
flight3_frame08971.jpg,flight3_frame08971.jpg
flight3_frame08981.jpg,flight3_frame08981.jpg
flight3_frame08991.jpg,flight3_frame08991.jpg
flight3_frame09001.jpg,flight3_frame09001.jpg
flight3_frame09011.jpg,flight3_frame09011.jpg
flight3_frame09021.jpg,flight3_frame09021.jpg
flight3_frame09031.jpg,flight3_frame09031.jpg
flight3_frame09041.jpg,flight3_frame09041.jpg
flight3_frame09051.jpg,flight3_frame09051.jpg
flight3_frame09061.jpg,flight3_frame09061.jpg
flight3_frame09071.jpg,flight3_frame09071.jpg
flight3_frame09081.jpg,flight3_frame09081.jpg
flight3_frame09091.jpg,flight3_frame09091.jpg
flight3_frame09101.jpg,flight3_frame09101.jpg
flight3_frame09111.jpg,flight3_frame09111.jpg
flight3_frame09121.jpg,flight3_frame09121.jpg
flight3_frame09131.jpg,flight3_frame09131.jpg
flight3_frame09141.jpg,flight3_frame09141.jpg
flight3_frame09151.jpg,flight3_frame09151.jpg
flight3_frame09161.jpg,flight3_frame09161.jpg
flight3_frame09171.jpg,flight3_frame09171.jpg
flight3_frame09181.jpg,flight3_frame09181.jpg
flight3_frame09191.jpg,flight3_frame09191.jpg
flight3_frame09201.jpg,flight3_frame09201.jpg
flight3_frame09211.jpg,flight3_frame09211.jpg
flight3_frame09221.jpg,flight3_frame09221.jpg
flight3_frame09231.jpg,flight3_frame09231.jpg
flight3_frame09241.jpg,flight3_frame09241.jpg
flight3_frame09251.jpg,flight3_frame09251.jpg
flight3_frame09261.jpg,flight3_frame09261.jpg
flight3_frame09271.jpg,flight3_frame09271.jpg
flight3_frame09281.jpg,flight3_frame09281.jpg
flight3_frame09291.jpg,flight3_frame09291.jpg
flight3_frame09301.jpg,flight3_frame09301.jpg
flight3_frame09311.jpg,flight3_frame09311.jpg
flight3_frame09321.jpg,flight3_frame09321.jpg
flight3_frame09331.jpg,flight3_frame09331.jpg
flight3_frame09341.jpg,flight3_frame09341.jpg
flight3_frame09351.jpg,flight3_frame09351.jpg
flight3_frame09361.jpg,flight3_frame09361.jpg
flight3_frame09371.jpg,flight3_frame09371.jpg
flight3_frame09381.jpg,flight3_frame09381.jpg
flight3_frame09391.jpg,flight3_frame09391.jpg
flight3_frame09401.jpg,flight3_frame09401.jpg
flight3_frame09411.jpg,flight3_frame09411.jpg
flight3_frame09421.jpg,flight3_frame09421.jpg
flight3_frame09431.jpg,flight3_frame09431.jpg
flight3_frame09441.jpg,flight3_frame09441.jpg
flight3_frame09451.jpg,flight3_frame09451.jpg
flight3_frame09461.jpg,flight3_frame09461.jpg
flight3_frame09471.jpg,flight3_frame09471.jpg
flight3_frame09481.jpg,flight3_frame09481.jpg
flight3_frame09491.jpg,flight3_frame09491.jpg
flight3_frame09501.jpg,flight3_frame09501.jpg
flight3_frame09511.jpg,flight3_frame09511.jpg
flight3_frame09521.jpg,flight3_frame09521.jpg
flight3_frame09531.jpg,flight3_frame09531.jpg
flight3_frame09541.jpg,flight3_frame09541.jpg
flight3_frame09551.jpg,flight3_frame09551.jpg
flight3_frame09561.jpg,flight3_frame09561.jpg
flight3_frame09571.jpg,flight3_frame09571.jpg
flight3_frame09581.jpg,flight3_frame09581.jpg
flight3_frame09591.jpg,flight3_frame09591.jpg
flight3_frame09601.jpg,flight3_frame09601.jpg
flight3_frame09611.jpg,flight3_frame09611.jpg
flight3_frame09621.jpg,flight3_frame09621.jpg
flight3_frame09631.jpg,flight3_frame09631.jpg
flight3_frame09641.jpg,flight3_frame09641.jpg
flight3_frame09651.jpg,flight3_frame09651.jpg
flight3_frame09661.jpg,flight3_frame09661.jpg
flight3_frame09671.jpg,flight3_frame09671.jpg
flight3_frame09681.jpg,flight3_frame09681.jpg
flight3_frame09691.jpg,flight3_frame09691.jpg
flight3_frame09701.jpg,flight3_frame09701.jpg
flight3_frame09711.jpg,flight3_frame09711.jpg
flight3_frame09721.jpg,flight3_frame09721.jpg
flight3_frame09731.jpg,flight3_frame09731.jpg
flight3_frame09741.jpg,flight3_frame09741.jpg
flight3_frame09751.jpg,flight3_frame09751.jpg
flight3_frame09761.jpg,flight3_frame09761.jpg
flight3_frame09771.jpg,flight3_frame09771.jpg
flight3_frame09781.jpg,flight3_frame09781.jpg
flight3_frame09791.jpg,flight3_frame09791.jpg
flight3_frame09801.jpg,flight3_frame09801.jpg
flight3_frame09811.jpg,flight3_frame09811.jpg
flight3_frame09821.jpg,flight3_frame09821.jpg
flight3_frame09831.jpg,flight3_frame09831.jpg
flight3_frame09841.jpg,flight3_frame09841.jpg
flight3_frame09851.jpg,flight3_frame09851.jpg
flight3_frame09861.jpg,flight3_frame09861.jpg
flight3_frame09871.jpg,flight3_frame09871.jpg
flight3_frame09881.jpg,flight3_frame09881.jpg
flight3_frame09891.jpg,flight3_frame09891.jpg
flight3_frame09901.jpg,flight3_frame09901.jpg
flight3_frame09911.jpg,flight3_frame09911.jpg
flight3_frame09921.jpg,flight3_frame09921.jpg
flight3_frame09931.jpg,flight3_frame09931.jpg
flight3_frame09941.jpg,flight3_frame09941.jpg
flight3_frame09951.jpg,flight3_frame09951.jpg
flight3_frame09961.jpg,flight3_frame09961.jpg
flight3_frame09971.jpg,flight3_frame09971.jpg
flight3_frame09981.jpg,flight3_frame09981.jpg
flight3_frame09991.jpg,flight3_frame09991.jpg
flight3_frame10001.jpg,flight3_frame10001.jpg
flight3_frame10011.jpg,flight3_frame10011.jpg
flight3_frame10021.jpg,flight3_frame10021.jpg
flight3_frame10031.jpg,flight3_frame10031.jpg
flight3_frame10041.jpg,flight3_frame10041.jpg
flight3_frame10051.jpg,flight3_frame10051.jpg
flight3_frame10061.jpg,flight3_frame10061.jpg
flight3_frame10071.jpg,flight3_frame10071.jpg
flight3_frame10081.jpg,flight3_frame10081.jpg
flight3_frame10091.jpg,flight3_frame10091.jpg
flight3_frame10101.jpg,flight3_frame10101.jpg
flight3_frame10111.jpg,flight3_frame10111.jpg
flight3_frame10121.jpg,flight3_frame10121.jpg
flight3_frame10131.jpg,flight3_frame10131.jpg
flight3_frame10141.jpg,flight3_frame10141.jpg
flight3_frame10151.jpg,flight3_frame10151.jpg
flight3_frame10161.jpg,flight3_frame10161.jpg
flight3_frame10171.jpg,flight3_frame10171.jpg
flight3_frame10181.jpg,flight3_frame10181.jpg
flight3_frame10191.jpg,flight3_frame10191.jpg
flight3_frame10201.jpg,flight3_frame10201.jpg
flight3_frame10211.jpg,flight3_frame10211.jpg
flight3_frame10221.jpg,flight3_frame10221.jpg
flight3_frame10231.jpg,flight3_frame10231.jpg
flight3_frame10241.jpg,flight3_frame10241.jpg
flight3_frame10251.jpg,flight3_frame10251.jpg
flight3_frame10261.jpg,flight3_frame10261.jpg
flight3_frame10271.jpg,flight3_frame10271.jpg
flight3_frame10281.jpg,flight3_frame10281.jpg
flight3_frame10291.jpg,flight3_frame10291.jpg
flight3_frame10301.jpg,flight3_frame10301.jpg
flight3_frame10311.jpg,flight3_frame10311.jpg
flight3_frame10321.jpg,flight3_frame10321.jpg
flight3_frame10331.jpg,flight3_frame10331.jpg
flight3_frame10341.jpg,flight3_frame10341.jpg
flight3_frame10351.jpg,flight3_frame10351.jpg
flight3_frame10361.jpg,flight3_frame10361.jpg
flight3_frame10371.jpg,flight3_frame10371.jpg
flight3_frame10381.jpg,flight3_frame10381.jpg
flight3_frame10391.jpg,flight3_frame10391.jpg
flight3_frame10401.jpg,flight3_frame10401.jpg
flight3_frame10411.jpg,flight3_frame10411.jpg
flight3_frame10421.jpg,flight3_frame10421.jpg
flight3_frame10431.jpg,flight3_frame10431.jpg
flight3_frame10441.jpg,flight3_frame10441.jpg
flight3_frame10451.jpg,flight3_frame10451.jpg
flight3_frame10461.jpg,flight3_frame10461.jpg
flight3_frame10471.jpg,flight3_frame10471.jpg
flight3_frame10481.jpg,flight3_frame10481.jpg
flight3_frame10491.jpg,flight3_frame10491.jpg
flight3_frame10501.jpg,flight3_frame10501.jpg
flight3_frame10511.jpg,flight3_frame10511.jpg
flight3_frame10521.jpg,flight3_frame10521.jpg
flight3_frame10531.jpg,flight3_frame10531.jpg
flight3_frame10541.jpg,flight3_frame10541.jpg
flight3_frame10551.jpg,flight3_frame10551.jpg
flight3_frame10561.jpg,flight3_frame10561.jpg
flight3_frame10571.jpg,flight3_frame10571.jpg
flight3_frame10581.jpg,flight3_frame10581.jpg
flight3_frame10591.jpg,flight3_frame10591.jpg
flight3_frame10601.jpg,flight3_frame10601.jpg
flight3_frame10611.jpg,flight3_frame10611.jpg
flight3_frame10621.jpg,flight3_frame10621.jpg
flight3_frame10631.jpg,flight3_frame10631.jpg
flight3_frame10641.jpg,flight3_frame10641.jpg
flight3_frame10651.jpg,flight3_frame10651.jpg
flight3_frame10661.jpg,flight3_frame10661.jpg
flight3_frame10671.jpg,flight3_frame10671.jpg
flight3_frame10681.jpg,flight3_frame10681.jpg
flight3_frame10691.jpg,flight3_frame10691.jpg
flight3_frame10701.jpg,flight3_frame10701.jpg
flight3_frame10711.jpg,flight3_frame10711.jpg
flight3_frame10721.jpg,flight3_frame10721.jpg
flight3_frame10731.jpg,flight3_frame10731.jpg
flight3_frame10741.jpg,flight3_frame10741.jpg
flight3_frame10751.jpg,flight3_frame10751.jpg
flight3_frame10761.jpg,flight3_frame10761.jpg
flight3_frame10771.jpg,flight3_frame10771.jpg
flight3_frame10781.jpg,flight3_frame10781.jpg
flight3_frame10791.jpg,flight3_frame10791.jpg
flight3_frame10801.jpg,flight3_frame10801.jpg
flight3_frame10811.jpg,flight3_frame10811.jpg
flight3_frame10821.jpg,flight3_frame10821.jpg
flight3_frame10831.jpg,flight3_frame10831.jpg
flight3_frame10841.jpg,flight3_frame10841.jpg
flight3_frame10851.jpg,flight3_frame10851.jpg
flight3_frame10861.jpg,flight3_frame10861.jpg
flight3_frame10871.jpg,flight3_frame10871.jpg
flight3_frame10881.jpg,flight3_frame10881.jpg
flight3_frame10891.jpg,flight3_frame10891.jpg
flight3_frame10901.jpg,flight3_frame10901.jpg
flight3_frame10911.jpg,flight3_frame10911.jpg
flight3_frame10921.jpg,flight3_frame10921.jpg
flight3_frame10931.jpg,flight3_frame10931.jpg
flight3_frame10941.jpg,flight3_frame10941.jpg
flight3_frame10951.jpg,flight3_frame10951.jpg
flight3_frame10961.jpg,flight3_frame10961.jpg
flight3_frame10971.jpg,flight3_frame10971.jpg
flight3_frame10981.jpg,flight3_frame10981.jpg
flight3_frame10991.jpg,flight3_frame10991.jpg
flight3_frame11001.jpg,flight3_frame11001.jpg
flight3_frame11011.jpg,flight3_frame11011.jpg
flight3_frame11021.jpg,flight3_frame11021.jpg
flight3_frame11031.jpg,flight3_frame11031.jpg
flight3_frame11041.jpg,flight3_frame11041.jpg
flight3_frame11051.jpg,flight3_frame11051.jpg
flight3_frame11061.jpg,flight3_frame11061.jpg
flight3_frame11071.jpg,flight3_frame11071.jpg
flight3_frame11081.jpg,flight3_frame11081.jpg
flight3_frame11091.jpg,flight3_frame11091.jpg
flight3_frame11101.jpg,flight3_frame11101.jpg
flight3_frame11111.jpg,flight3_frame11111.jpg
flight3_frame11121.jpg,flight3_frame11121.jpg
flight3_frame11131.jpg,flight3_frame11131.jpg
flight3_frame11141.jpg,flight3_frame11141.jpg
flight3_frame11151.jpg,flight3_frame11151.jpg
flight3_frame11161.jpg,flight3_frame11161.jpg
flight3_frame11171.jpg,flight3_frame11171.jpg
flight3_frame11181.jpg,flight3_frame11181.jpg
flight3_frame11191.jpg,flight3_frame11191.jpg
flight3_frame11201.jpg,flight3_frame11201.jpg
flight3_frame11211.jpg,flight3_frame11211.jpg
flight3_frame11221.jpg,flight3_frame11221.jpg
flight3_frame11231.jpg,flight3_frame11231.jpg
flight3_frame11241.jpg,flight3_frame11241.jpg
flight3_frame11251.jpg,flight3_frame11251.jpg
flight3_frame11261.jpg,flight3_frame11261.jpg
flight3_frame11271.jpg,flight3_frame11271.jpg
flight3_frame11281.jpg,flight3_frame11281.jpg
flight3_frame11291.jpg,flight3_frame11291.jpg
flight3_frame11301.jpg,flight3_frame11301.jpg
flight3_frame11311.jpg,flight3_frame11311.jpg
flight3_frame11321.jpg,flight3_frame11321.jpg
flight3_frame11331.jpg,flight3_frame11331.jpg
flight3_frame11341.jpg,flight3_frame11341.jpg
flight3_frame11351.jpg,flight3_frame11351.jpg
flight3_frame11361.jpg,flight3_frame11361.jpg
flight3_frame11371.jpg,flight3_frame11371.jpg
flight3_frame11381.jpg,flight3_frame11381.jpg
flight3_frame11391.jpg,flight3_frame11391.jpg
flight3_frame11401.jpg,flight3_frame11401.jpg
flight3_frame11411.jpg,flight3_frame11411.jpg
flight3_frame11421.jpg,flight3_frame11421.jpg
flight3_frame11431.jpg,flight3_frame11431.jpg
flight3_frame11441.jpg,flight3_frame11441.jpg
flight3_frame11451.jpg,flight3_frame11451.jpg
flight3_frame11461.jpg,flight3_frame11461.jpg
flight3_frame11471.jpg,flight3_frame11471.jpg
flight3_frame11481.jpg,flight3_frame11481.jpg
flight3_frame11491.jpg,flight3_frame11491.jpg
flight3_frame11501.jpg,flight3_frame11501.jpg
flight3_frame11511.jpg,flight3_frame11511.jpg
flight3_frame11521.jpg,flight3_frame11521.jpg
flight3_frame11531.jpg,flight3_frame11531.jpg
flight3_frame11541.jpg,flight3_frame11541.jpg
flight3_frame11551.jpg,flight3_frame11551.jpg
flight3_frame11561.jpg,flight3_frame11561.jpg
flight3_frame11571.jpg,flight3_frame11571.jpg
flight3_frame11581.jpg,flight3_frame11581.jpg
flight3_frame11591.jpg,flight3_frame11591.jpg
flight3_frame11601.jpg,flight3_frame11601.jpg
flight3_frame11611.jpg,flight3_frame11611.jpg
flight3_frame11621.jpg,flight3_frame11621.jpg
flight3_frame11631.jpg,flight3_frame11631.jpg
flight3_frame11641.jpg,flight3_frame11641.jpg
flight3_frame11651.jpg,flight3_frame11651.jpg
flight3_frame11661.jpg,flight3_frame11661.jpg
flight3_frame11671.jpg,flight3_frame11671.jpg
flight3_frame11681.jpg,flight3_frame11681.jpg
flight3_frame11691.jpg,flight3_frame11691.jpg
flight3_frame11701.jpg,flight3_frame11701.jpg
flight3_frame11711.jpg,flight3_frame11711.jpg
flight3_frame11721.jpg,flight3_frame11721.jpg
flight3_frame11731.jpg,flight3_frame11731.jpg
flight3_frame11741.jpg,flight3_frame11741.jpg
flight3_frame11751.jpg,flight3_frame11751.jpg
flight3_frame11761.jpg,flight3_frame11761.jpg
flight3_frame11771.jpg,flight3_frame11771.jpg
flight3_frame11781.jpg,flight3_frame11781.jpg
flight3_frame11791.jpg,flight3_frame11791.jpg
flight3_frame11801.jpg,flight3_frame11801.jpg
flight3_frame11811.jpg,flight3_frame11811.jpg
flight3_frame11821.jpg,flight3_frame11821.jpg
flight3_frame11831.jpg,flight3_frame11831.jpg
flight3_frame11841.jpg,flight3_frame11841.jpg
flight3_frame11851.jpg,flight3_frame11851.jpg
flight3_frame11861.jpg,flight3_frame11861.jpg
flight3_frame11901.jpg,flight3_frame11901.jpg
flight3_frame11911.jpg,flight3_frame11911.jpg
flight3_frame11921.jpg,flight3_frame11921.jpg
flight3_frame11931.jpg,flight3_frame11931.jpg
flight3_frame11941.jpg,flight3_frame11941.jpg
flight3_frame11951.jpg,flight3_frame11951.jpg
flight3_frame11961.jpg,flight3_frame11961.jpg
flight3_frame11971.jpg,flight3_frame11971.jpg
flight3_frame11981.jpg,flight3_frame11981.jpg
flight3_frame11991.jpg,flight3_frame11991.jpg
flight3_frame12001.jpg,flight3_frame12001.jpg
flight3_frame12011.jpg,flight3_frame12011.jpg
flight3_frame12021.jpg,flight3_frame12021.jpg
flight3_frame12031.jpg,flight3_frame12031.jpg
flight3_frame12041.jpg,flight3_frame12041.jpg
flight3_frame12051.jpg,flight3_frame12051.jpg
flight3_frame12061.jpg,flight3_frame12061.jpg
flight3_frame12071.jpg,flight3_frame12071.jpg
flight3_frame12081.jpg,flight3_frame12081.jpg
flight3_frame12091.jpg,flight3_frame12091.jpg
flight3_frame12101.jpg,flight3_frame12101.jpg
flight3_frame12111.jpg,flight3_frame12111.jpg
flight3_frame12121.jpg,flight3_frame12121.jpg
flight3_frame12131.jpg,flight3_frame12131.jpg
flight3_frame12141.jpg,flight3_frame12141.jpg
flight3_frame12151.jpg,flight3_frame12151.jpg
flight3_frame12161.jpg,flight3_frame12161.jpg
flight3_frame12171.jpg,flight3_frame12171.jpg
flight3_frame12181.jpg,flight3_frame12181.jpg
flight3_frame12191.jpg,flight3_frame12191.jpg
flight3_frame12201.jpg,flight3_frame12201.jpg
flight3_frame12211.jpg,flight3_frame12211.jpg
flight3_frame12221.jpg,flight3_frame12221.jpg
flight3_frame12231.jpg,flight3_frame12231.jpg
flight3_frame12241.jpg,flight3_frame12241.jpg
flight3_frame12251.jpg,flight3_frame12251.jpg
flight3_frame12261.jpg,flight3_frame12261.jpg
flight3_frame12271.jpg,flight3_frame12271.jpg
flight3_frame12281.jpg,flight3_frame12281.jpg
flight3_frame12291.jpg,flight3_frame12291.jpg
flight3_frame12301.jpg,flight3_frame12301.jpg
flight3_frame12311.jpg,flight3_frame12311.jpg
flight3_frame12321.jpg,flight3_frame12321.jpg
flight3_frame12331.jpg,flight3_frame12331.jpg
flight3_frame12341.jpg,flight3_frame12341.jpg
flight3_frame12351.jpg,flight3_frame12351.jpg
flight3_frame12361.jpg,flight3_frame12361.jpg
flight3_frame12371.jpg,flight3_frame12371.jpg
flight3_frame12381.jpg,flight3_frame12381.jpg
flight3_frame12391.jpg,flight3_frame12391.jpg
flight3_frame12401.jpg,flight3_frame12401.jpg
flight3_frame12411.jpg,flight3_frame12411.jpg
flight3_frame12421.jpg,flight3_frame12421.jpg
flight3_frame12431.jpg,flight3_frame12431.jpg
flight3_frame12441.jpg,flight3_frame12441.jpg
flight3_frame12451.jpg,flight3_frame12451.jpg
flight3_frame12461.jpg,flight3_frame12461.jpg
flight3_frame12471.jpg,flight3_frame12471.jpg
flight3_frame12481.jpg,flight3_frame12481.jpg
flight3_frame12491.jpg,flight3_frame12491.jpg
flight3_frame12501.jpg,flight3_frame12501.jpg
flight3_frame12511.jpg,flight3_frame12511.jpg
flight3_frame12521.jpg,flight3_frame12521.jpg
flight3_frame12531.jpg,flight3_frame12531.jpg
flight3_frame12541.jpg,flight3_frame12541.jpg
flight3_frame12551.jpg,flight3_frame12551.jpg
flight3_frame12561.jpg,flight3_frame12561.jpg
flight3_frame12571.jpg,flight3_frame12571.jpg
flight3_frame12581.jpg,flight3_frame12581.jpg
flight3_frame12591.jpg,flight3_frame12591.jpg
flight3_frame12601.jpg,flight3_frame12601.jpg
flight3_frame12611.jpg,flight3_frame12611.jpg
flight3_frame12621.jpg,flight3_frame12621.jpg
flight3_frame12631.jpg,flight3_frame12631.jpg
flight3_frame12641.jpg,flight3_frame12641.jpg
flight3_frame12651.jpg,flight3_frame12651.jpg
flight3_frame12661.jpg,flight3_frame12661.jpg
flight3_frame12671.jpg,flight3_frame12671.jpg
flight3_frame12681.jpg,flight3_frame12681.jpg
flight3_frame12691.jpg,flight3_frame12691.jpg
flight3_frame12701.jpg,flight3_frame12701.jpg
flight3_frame12711.jpg,flight3_frame12711.jpg
flight3_frame12721.jpg,flight3_frame12721.jpg
flight3_frame12731.jpg,flight3_frame12731.jpg
flight3_frame12741.jpg,flight3_frame12741.jpg
flight3_frame12751.jpg,flight3_frame12751.jpg
flight3_frame12761.jpg,flight3_frame12761.jpg
flight3_frame12771.jpg,flight3_frame12771.jpg
flight3_frame12781.jpg,flight3_frame12781.jpg
flight3_frame12791.jpg,flight3_frame12791.jpg
flight3_frame12801.jpg,flight3_frame12801.jpg
flight3_frame12811.jpg,flight3_frame12811.jpg
flight3_frame12821.jpg,flight3_frame12821.jpg
flight3_frame12831.jpg,flight3_frame12831.jpg
flight3_frame12841.jpg,flight3_frame12841.jpg
flight3_frame12851.jpg,flight3_frame12851.jpg
flight3_frame12861.jpg,flight3_frame12861.jpg
flight3_frame12871.jpg,flight3_frame12871.jpg
flight3_frame12881.jpg,flight3_frame12881.jpg
flight3_frame12891.jpg,flight3_frame12891.jpg
flight3_frame12901.jpg,flight3_frame12901.jpg
flight3_frame12911.jpg,flight3_frame12911.jpg
flight3_frame12921.jpg,flight3_frame12921.jpg
flight3_frame12931.jpg,flight3_frame12931.jpg
flight3_frame12941.jpg,flight3_frame12941.jpg
flight3_frame12951.jpg,flight3_frame12951.jpg
flight3_frame12961.jpg,flight3_frame12961.jpg
flight3_frame12971.jpg,flight3_frame12971.jpg
flight3_frame12981.jpg,flight3_frame12981.jpg
flight3_frame12991.jpg,flight3_frame12991.jpg
flight3_frame13001.jpg,flight3_frame13001.jpg
flight3_frame13011.jpg,flight3_frame13011.jpg
flight3_frame13021.jpg,flight3_frame13021.jpg
flight3_frame13031.jpg,flight3_frame13031.jpg
flight3_frame13041.jpg,flight3_frame13041.jpg
flight3_frame13051.jpg,flight3_frame13051.jpg
flight3_frame13061.jpg,flight3_frame13061.jpg
flight3_frame13071.jpg,flight3_frame13071.jpg
flight3_frame13081.jpg,flight3_frame13081.jpg
flight3_frame13091.jpg,flight3_frame13091.jpg
flight3_frame13101.jpg,flight3_frame13101.jpg
flight3_frame13111.jpg,flight3_frame13111.jpg
flight3_frame13121.jpg,flight3_frame13121.jpg
flight3_frame13131.jpg,flight3_frame13131.jpg
flight3_frame13141.jpg,flight3_frame13141.jpg
flight3_frame13151.jpg,flight3_frame13151.jpg
flight3_frame13161.jpg,flight3_frame13161.jpg
flight3_frame13171.jpg,flight3_frame13171.jpg
flight3_frame13181.jpg,flight3_frame13181.jpg
flight3_frame13191.jpg,flight3_frame13191.jpg
flight3_frame13201.jpg,flight3_frame13201.jpg
flight3_frame13211.jpg,flight3_frame13211.jpg
flight3_frame13221.jpg,flight3_frame13221.jpg
flight3_frame13231.jpg,flight3_frame13231.jpg
flight3_frame13241.jpg,flight3_frame13241.jpg
flight3_frame13251.jpg,flight3_frame13251.jpg
flight3_frame13261.jpg,flight3_frame13261.jpg
flight3_frame13271.jpg,flight3_frame13271.jpg
flight3_frame13281.jpg,flight3_frame13281.jpg
flight3_frame13291.jpg,flight3_frame13291.jpg
flight3_frame13301.jpg,flight3_frame13301.jpg
flight3_frame13311.jpg,flight3_frame13311.jpg
flight3_frame13321.jpg,flight3_frame13321.jpg
flight3_frame13331.jpg,flight3_frame13331.jpg
flight3_frame13341.jpg,flight3_frame13341.jpg
flight3_frame13351.jpg,flight3_frame13351.jpg
flight3_frame13361.jpg,flight3_frame13361.jpg
flight3_frame13371.jpg,flight3_frame13371.jpg
flight3_frame13381.jpg,flight3_frame13381.jpg
flight3_frame13391.jpg,flight3_frame13391.jpg
flight3_frame13401.jpg,flight3_frame13401.jpg
flight3_frame13411.jpg,flight3_frame13411.jpg
flight3_frame13421.jpg,flight3_frame13421.jpg
flight3_frame13431.jpg,flight3_frame13431.jpg
flight3_frame13441.jpg,flight3_frame13441.jpg
flight3_frame13451.jpg,flight3_frame13451.jpg
flight3_frame13461.jpg,flight3_frame13461.jpg
flight3_frame13471.jpg,flight3_frame13471.jpg
flight3_frame13481.jpg,flight3_frame13481.jpg
flight3_frame13491.jpg,flight3_frame13491.jpg
flight3_frame13501.jpg,flight3_frame13501.jpg
flight3_frame13511.jpg,flight3_frame13511.jpg
flight3_frame13521.jpg,flight3_frame13521.jpg
flight3_frame13531.jpg,flight3_frame13531.jpg
flight3_frame13541.jpg,flight3_frame13541.jpg
flight3_frame13551.jpg,flight3_frame13551.jpg
flight3_frame13561.jpg,flight3_frame13561.jpg
flight3_frame13571.jpg,flight3_frame13571.jpg
flight3_frame13581.jpg,flight3_frame13581.jpg
flight3_frame13591.jpg,flight3_frame13591.jpg
flight3_frame13601.jpg,flight3_frame13601.jpg
flight3_frame13611.jpg,flight3_frame13611.jpg
flight3_frame13621.jpg,flight3_frame13621.jpg
flight3_frame13631.jpg,flight3_frame13631.jpg
flight3_frame13641.jpg,flight3_frame13641.jpg
flight3_frame13651.jpg,flight3_frame13651.jpg
flight3_frame13661.jpg,flight3_frame13661.jpg
flight3_frame13671.jpg,flight3_frame13671.jpg
flight3_frame13681.jpg,flight3_frame13681.jpg
flight3_frame13691.jpg,flight3_frame13691.jpg
flight3_frame13701.jpg,flight3_frame13701.jpg
flight3_frame13711.jpg,flight3_frame13711.jpg
flight3_frame13721.jpg,flight3_frame13721.jpg
flight3_frame13731.jpg,flight3_frame13731.jpg
flight3_frame13741.jpg,flight3_frame13741.jpg
flight3_frame13751.jpg,flight3_frame13751.jpg
flight3_frame13761.jpg,flight3_frame13761.jpg
flight3_frame13771.jpg,flight3_frame13771.jpg
flight3_frame13781.jpg,flight3_frame13781.jpg
flight3_frame13791.jpg,flight3_frame13791.jpg
flight3_frame13801.jpg,flight3_frame13801.jpg
flight3_frame13811.jpg,flight3_frame13811.jpg
flight3_frame13821.jpg,flight3_frame13821.jpg
flight3_frame13831.jpg,flight3_frame13831.jpg
flight3_frame13841.jpg,flight3_frame13841.jpg
flight3_frame13851.jpg,flight3_frame13851.jpg
flight3_frame13861.jpg,flight3_frame13861.jpg
flight3_frame13871.jpg,flight3_frame13871.jpg
flight3_frame13881.jpg,flight3_frame13881.jpg
flight3_frame13891.jpg,flight3_frame13891.jpg
flight3_frame13901.jpg,flight3_frame13901.jpg
flight3_frame13911.jpg,flight3_frame13911.jpg
flight3_frame13921.jpg,flight3_frame13921.jpg
flight3_frame13931.jpg,flight3_frame13931.jpg
flight3_frame13941.jpg,flight3_frame13941.jpg
flight3_frame13951.jpg,flight3_frame13951.jpg
flight3_frame13961.jpg,flight3_frame13961.jpg
flight3_frame13971.jpg,flight3_frame13971.jpg
flight3_frame13981.jpg,flight3_frame13981.jpg
flight3_frame13991.jpg,flight3_frame13991.jpg
flight3_frame14001.jpg,flight3_frame14001.jpg
flight3_frame14011.jpg,flight3_frame14011.jpg
flight3_frame14021.jpg,flight3_frame14021.jpg
flight3_frame14031.jpg,flight3_frame14031.jpg
flight3_frame14041.jpg,flight3_frame14041.jpg
flight3_frame14051.jpg,flight3_frame14051.jpg
flight3_frame14061.jpg,flight3_frame14061.jpg
flight3_frame14071.jpg,flight3_frame14071.jpg
flight3_frame14081.jpg,flight3_frame14081.jpg
flight3_frame14091.jpg,flight3_frame14091.jpg
flight3_frame14101.jpg,flight3_frame14101.jpg
flight3_frame14111.jpg,flight3_frame14111.jpg
flight3_frame14121.jpg,flight3_frame14121.jpg
flight3_frame14131.jpg,flight3_frame14131.jpg
flight3_frame14141.jpg,flight3_frame14141.jpg
flight3_frame14151.jpg,flight3_frame14151.jpg
flight3_frame14161.jpg,flight3_frame14161.jpg
flight3_frame14171.jpg,flight3_frame14171.jpg
flight3_frame14181.jpg,flight3_frame14181.jpg
flight3_frame14191.jpg,flight3_frame14191.jpg
flight3_frame14201.jpg,flight3_frame14201.jpg
flight3_frame14211.jpg,flight3_frame14211.jpg
flight3_frame14221.jpg,flight3_frame14221.jpg
flight3_frame14231.jpg,flight3_frame14231.jpg
flight3_frame14241.jpg,flight3_frame14241.jpg
flight3_frame14251.jpg,flight3_frame14251.jpg
flight3_frame14261.jpg,flight3_frame14261.jpg
flight3_frame14271.jpg,flight3_frame14271.jpg
flight3_frame14281.jpg,flight3_frame14281.jpg
flight3_frame14291.jpg,flight3_frame14291.jpg
flight3_frame14301.jpg,flight3_frame14301.jpg
flight3_frame14311.jpg,flight3_frame14311.jpg
flight3_frame14321.jpg,flight3_frame14321.jpg
flight3_frame14331.jpg,flight3_frame14331.jpg
flight3_frame14341.jpg,flight3_frame14341.jpg
flight3_frame14351.jpg,flight3_frame14351.jpg
flight3_frame14361.jpg,flight3_frame14361.jpg
flight3_frame14371.jpg,flight3_frame14371.jpg
flight3_frame14381.jpg,flight3_frame14381.jpg
flight3_frame14391.jpg,flight3_frame14391.jpg
flight3_frame14401.jpg,flight3_frame14401.jpg
flight3_frame14411.jpg,flight3_frame14411.jpg
flight3_frame14421.jpg,flight3_frame14421.jpg
flight3_frame14431.jpg,flight3_frame14431.jpg
flight3_frame14441.jpg,flight3_frame14441.jpg
flight3_frame14451.jpg,flight3_frame14451.jpg
flight3_frame14461.jpg,flight3_frame14461.jpg
flight3_frame14471.jpg,flight3_frame14471.jpg
flight3_frame14481.jpg,flight3_frame14481.jpg
flight3_frame14491.jpg,flight3_frame14491.jpg
flight3_frame14501.jpg,flight3_frame14501.jpg
flight3_frame14511.jpg,flight3_frame14511.jpg
flight3_frame14521.jpg,flight3_frame14521.jpg
flight3_frame14531.jpg,flight3_frame14531.jpg
flight3_frame14541.jpg,flight3_frame14541.jpg
flight3_frame14551.jpg,flight3_frame14551.jpg
flight3_frame14561.jpg,flight3_frame14561.jpg
flight3_frame14571.jpg,flight3_frame14571.jpg
flight3_frame14581.jpg,flight3_frame14581.jpg
flight3_frame14591.jpg,flight3_frame14591.jpg
flight3_frame14601.jpg,flight3_frame14601.jpg
flight3_frame14611.jpg,flight3_frame14611.jpg
flight3_frame14621.jpg,flight3_frame14621.jpg
flight3_frame14631.jpg,flight3_frame14631.jpg
flight3_frame14641.jpg,flight3_frame14641.jpg
flight3_frame14651.jpg,flight3_frame14651.jpg
flight3_frame14661.jpg,flight3_frame14661.jpg
flight3_frame14671.jpg,flight3_frame14671.jpg
flight3_frame14681.jpg,flight3_frame14681.jpg
flight3_frame14691.jpg,flight3_frame14691.jpg
flight3_frame14701.jpg,flight3_frame14701.jpg
flight3_frame14711.jpg,flight3_frame14711.jpg
flight3_frame14721.jpg,flight3_frame14721.jpg
flight3_frame14731.jpg,flight3_frame14731.jpg
flight3_frame14741.jpg,flight3_frame14741.jpg
flight3_frame14751.jpg,flight3_frame14751.jpg
flight3_frame14761.jpg,flight3_frame14761.jpg
flight3_frame14771.jpg,flight3_frame14771.jpg
flight3_frame14781.jpg,flight3_frame14781.jpg
flight3_frame14791.jpg,flight3_frame14791.jpg
flight3_frame14801.jpg,flight3_frame14801.jpg
flight3_frame14811.jpg,flight3_frame14811.jpg
flight3_frame14821.jpg,flight3_frame14821.jpg
flight3_frame14831.jpg,flight3_frame14831.jpg
flight3_frame14841.jpg,flight3_frame14841.jpg
flight3_frame14851.jpg,flight3_frame14851.jpg
flight3_frame14861.jpg,flight3_frame14861.jpg
flight3_frame14871.jpg,flight3_frame14871.jpg
flight3_frame14881.jpg,flight3_frame14881.jpg
flight3_frame14891.jpg,flight3_frame14891.jpg
flight3_frame14901.jpg,flight3_frame14901.jpg
flight3_frame14911.jpg,flight3_frame14911.jpg
flight3_frame14921.jpg,flight3_frame14921.jpg
flight3_frame14931.jpg,flight3_frame14931.jpg
flight3_frame14941.jpg,flight3_frame14941.jpg
flight3_frame14951.jpg,flight3_frame14951.jpg
flight3_frame14961.jpg,flight3_frame14961.jpg
flight3_frame14971.jpg,flight3_frame14971.jpg
flight3_frame14981.jpg,flight3_frame14981.jpg
flight3_frame14991.jpg,flight3_frame14991.jpg
flight3_frame15001.jpg,flight3_frame15001.jpg
flight3_frame15011.jpg,flight3_frame15011.jpg
flight3_frame15021.jpg,flight3_frame15021.jpg
flight3_frame15031.jpg,flight3_frame15031.jpg
flight3_frame15041.jpg,flight3_frame15041.jpg
flight3_frame15051.jpg,flight3_frame15051.jpg
flight3_frame15061.jpg,flight3_frame15061.jpg
flight3_frame15071.jpg,flight3_frame15071.jpg
flight3_frame15081.jpg,flight3_frame15081.jpg
flight3_frame15091.jpg,flight3_frame15091.jpg
flight3_frame15101.jpg,flight3_frame15101.jpg
flight3_frame15111.jpg,flight3_frame15111.jpg
flight3_frame15121.jpg,flight3_frame15121.jpg
flight3_frame15131.jpg,flight3_frame15131.jpg
flight3_frame15141.jpg,flight3_frame15141.jpg
flight3_frame15151.jpg,flight3_frame15151.jpg
flight3_frame15161.jpg,flight3_frame15161.jpg
flight3_frame15171.jpg,flight3_frame15171.jpg
flight3_frame15181.jpg,flight3_frame15181.jpg
flight3_frame15191.jpg,flight3_frame15191.jpg
flight3_frame15201.jpg,flight3_frame15201.jpg
flight3_frame15211.jpg,flight3_frame15211.jpg
flight3_frame15221.jpg,flight3_frame15221.jpg
flight3_frame15231.jpg,flight3_frame15231.jpg
flight3_frame15241.jpg,flight3_frame15241.jpg
flight3_frame15251.jpg,flight3_frame15251.jpg
flight3_frame15261.jpg,flight3_frame15261.jpg
flight3_frame15271.jpg,flight3_frame15271.jpg
flight3_frame15281.jpg,flight3_frame15281.jpg
flight3_frame15291.jpg,flight3_frame15291.jpg
flight3_frame15301.jpg,flight3_frame15301.jpg
flight3_frame15311.jpg,flight3_frame15311.jpg
flight3_frame15321.jpg,flight3_frame15321.jpg
flight3_frame15331.jpg,flight3_frame15331.jpg
flight3_frame15341.jpg,flight3_frame15341.jpg
flight3_frame15351.jpg,flight3_frame15351.jpg
flight3_frame15361.jpg,flight3_frame15361.jpg
flight3_frame15371.jpg,flight3_frame15371.jpg
flight3_frame15381.jpg,flight3_frame15381.jpg
flight3_frame15391.jpg,flight3_frame15391.jpg
flight3_frame15401.jpg,flight3_frame15401.jpg
flight3_frame15411.jpg,flight3_frame15411.jpg
flight3_frame15421.jpg,flight3_frame15421.jpg
flight3_frame15431.jpg,flight3_frame15431.jpg
flight3_frame15441.jpg,flight3_frame15441.jpg
flight3_frame15451.jpg,flight3_frame15451.jpg
flight3_frame15461.jpg,flight3_frame15461.jpg
flight3_frame15471.jpg,flight3_frame15471.jpg
flight3_frame15481.jpg,flight3_frame15481.jpg
flight3_frame15491.jpg,flight3_frame15491.jpg
flight3_frame15501.jpg,flight3_frame15501.jpg
flight3_frame15511.jpg,flight3_frame15511.jpg
flight3_frame15521.jpg,flight3_frame15521.jpg
flight3_frame15531.jpg,flight3_frame15531.jpg
flight3_frame15541.jpg,flight3_frame15541.jpg
flight3_frame15551.jpg,flight3_frame15551.jpg
flight3_frame15561.jpg,flight3_frame15561.jpg
flight3_frame15571.jpg,flight3_frame15571.jpg
flight3_frame15581.jpg,flight3_frame15581.jpg
flight3_frame15591.jpg,flight3_frame15591.jpg
flight3_frame15601.jpg,flight3_frame15601.jpg
flight3_frame15611.jpg,flight3_frame15611.jpg
flight3_frame15621.jpg,flight3_frame15621.jpg
flight3_frame15631.jpg,flight3_frame15631.jpg
flight3_frame15641.jpg,flight3_frame15641.jpg
flight3_frame15651.jpg,flight3_frame15651.jpg
flight3_frame15661.jpg,flight3_frame15661.jpg
flight3_frame15671.jpg,flight3_frame15671.jpg
flight3_frame15681.jpg,flight3_frame15681.jpg
flight3_frame15691.jpg,flight3_frame15691.jpg
flight3_frame15701.jpg,flight3_frame15701.jpg
flight3_frame15711.jpg,flight3_frame15711.jpg
flight3_frame15721.jpg,flight3_frame15721.jpg
flight3_frame15731.jpg,flight3_frame15731.jpg
flight3_frame15741.jpg,flight3_frame15741.jpg
flight3_frame15751.jpg,flight3_frame15751.jpg
flight3_frame15761.jpg,flight3_frame15761.jpg
flight3_frame15771.jpg,flight3_frame15771.jpg
flight3_frame15781.jpg,flight3_frame15781.jpg
flight3_frame15791.jpg,flight3_frame15791.jpg
flight3_frame15801.jpg,flight3_frame15801.jpg
flight3_frame15811.jpg,flight3_frame15811.jpg
flight3_frame15821.jpg,flight3_frame15821.jpg
flight3_frame15831.jpg,flight3_frame15831.jpg
flight3_frame15841.jpg,flight3_frame15841.jpg
flight3_frame15851.jpg,flight3_frame15851.jpg
flight3_frame15861.jpg,flight3_frame15861.jpg
flight3_frame15871.jpg,flight3_frame15871.jpg
flight3_frame15881.jpg,flight3_frame15881.jpg
flight3_frame15891.jpg,flight3_frame15891.jpg
flight3_frame15901.jpg,flight3_frame15901.jpg
flight3_frame15911.jpg,flight3_frame15911.jpg
flight3_frame15921.jpg,flight3_frame15921.jpg
flight3_frame15931.jpg,flight3_frame15931.jpg
flight3_frame15941.jpg,flight3_frame15941.jpg
flight3_frame15951.jpg,flight3_frame15951.jpg
flight3_frame15961.jpg,flight3_frame15961.jpg
flight3_frame15971.jpg,flight3_frame15971.jpg
flight3_frame15981.jpg,flight3_frame15981.jpg
flight3_frame15991.jpg,flight3_frame15991.jpg
flight3_frame16001.jpg,flight3_frame16001.jpg
flight3_frame16011.jpg,flight3_frame16011.jpg
flight3_frame16021.jpg,flight3_frame16021.jpg
flight3_frame16031.jpg,flight3_frame16031.jpg
flight3_frame16041.jpg,flight3_frame16041.jpg
flight3_frame16051.jpg,flight3_frame16051.jpg
flight3_frame16061.jpg,flight3_frame16061.jpg
flight3_frame16071.jpg,flight3_frame16071.jpg
flight3_frame16081.jpg,flight3_frame16081.jpg
flight3_frame16091.jpg,flight3_frame16091.jpg
flight3_frame16101.jpg,flight3_frame16101.jpg
flight3_frame16111.jpg,flight3_frame16111.jpg
flight3_frame16121.jpg,flight3_frame16121.jpg
flight3_frame16131.jpg,flight3_frame16131.jpg
flight3_frame16141.jpg,flight3_frame16141.jpg
flight3_frame16151.jpg,flight3_frame16151.jpg
flight3_frame16161.jpg,flight3_frame16161.jpg
flight3_frame16171.jpg,flight3_frame16171.jpg
flight3_frame16181.jpg,flight3_frame16181.jpg
flight3_frame16191.jpg,flight3_frame16191.jpg
flight3_frame16201.jpg,flight3_frame16201.jpg
flight3_frame16211.jpg,flight3_frame16211.jpg
flight3_frame16221.jpg,flight3_frame16221.jpg
flight3_frame16231.jpg,flight3_frame16231.jpg
flight3_frame16241.jpg,flight3_frame16241.jpg
flight3_frame16251.jpg,flight3_frame16251.jpg
flight3_frame16261.jpg,flight3_frame16261.jpg
flight3_frame16271.jpg,flight3_frame16271.jpg
flight3_frame16281.jpg,flight3_frame16281.jpg
flight3_frame16291.jpg,flight3_frame16291.jpg
flight3_frame16301.jpg,flight3_frame16301.jpg
flight3_frame16311.jpg,flight3_frame16311.jpg
flight3_frame16321.jpg,flight3_frame16321.jpg
flight3_frame16331.jpg,flight3_frame16331.jpg
flight3_frame16341.jpg,flight3_frame16341.jpg
flight3_frame16351.jpg,flight3_frame16351.jpg
flight3_frame16361.jpg,flight3_frame16361.jpg
flight3_frame16371.jpg,flight3_frame16371.jpg
flight3_frame16381.jpg,flight3_frame16381.jpg
flight3_frame16391.jpg,flight3_frame16391.jpg
flight3_frame16401.jpg,flight3_frame16401.jpg
flight3_frame16411.jpg,flight3_frame16411.jpg
flight3_frame16421.jpg,flight3_frame16421.jpg
flight3_frame16431.jpg,flight3_frame16431.jpg
flight3_frame16441.jpg,flight3_frame16441.jpg
flight3_frame16451.jpg,flight3_frame16451.jpg
flight3_frame16461.jpg,flight3_frame16461.jpg
flight3_frame16471.jpg,flight3_frame16471.jpg
flight3_frame16481.jpg,flight3_frame16481.jpg
flight3_frame16491.jpg,flight3_frame16491.jpg
flight3_frame16501.jpg,flight3_frame16501.jpg
flight3_frame16511.jpg,flight3_frame16511.jpg
flight3_frame16521.jpg,flight3_frame16521.jpg
flight3_frame16531.jpg,flight3_frame16531.jpg
flight3_frame16541.jpg,flight3_frame16541.jpg
flight3_frame16551.jpg,flight3_frame16551.jpg
flight3_frame16561.jpg,flight3_frame16561.jpg
flight3_frame16571.jpg,flight3_frame16571.jpg
flight3_frame16581.jpg,flight3_frame16581.jpg
flight3_frame16591.jpg,flight3_frame16591.jpg
flight3_frame16601.jpg,flight3_frame16601.jpg
flight3_frame16611.jpg,flight3_frame16611.jpg
flight3_frame16621.jpg,flight3_frame16621.jpg
flight3_frame16631.jpg,flight3_frame16631.jpg
flight3_frame16641.jpg,flight3_frame16641.jpg
flight3_frame16651.jpg,flight3_frame16651.jpg
flight3_frame16661.jpg,flight3_frame16661.jpg
flight3_frame16671.jpg,flight3_frame16671.jpg
flight3_frame16681.jpg,flight3_frame16681.jpg
flight3_frame16691.jpg,flight3_frame16691.jpg
flight3_frame16701.jpg,flight3_frame16701.jpg
flight3_frame16711.jpg,flight3_frame16711.jpg
flight3_frame16721.jpg,flight3_frame16721.jpg
flight3_frame16731.jpg,flight3_frame16731.jpg
flight3_frame16741.jpg,flight3_frame16741.jpg
flight3_frame16751.jpg,flight3_frame16751.jpg
flight3_frame16761.jpg,flight3_frame16761.jpg
flight3_frame16771.jpg,flight3_frame16771.jpg
flight3_frame16781.jpg,flight3_frame16781.jpg
flight3_frame16791.jpg,flight3_frame16791.jpg
flight3_frame16801.jpg,flight3_frame16801.jpg
flight3_frame16811.jpg,flight3_frame16811.jpg
flight3_frame16841.jpg,flight3_frame16841.jpg
flight3_frame16851.jpg,flight3_frame16851.jpg
flight3_frame16861.jpg,flight3_frame16861.jpg
flight3_frame16871.jpg,flight3_frame16871.jpg
flight3_frame16881.jpg,flight3_frame16881.jpg
flight3_frame16891.jpg,flight3_frame16891.jpg
flight3_frame16901.jpg,flight3_frame16901.jpg
flight3_frame16911.jpg,flight3_frame16911.jpg
flight3_frame16921.jpg,flight3_frame16921.jpg
flight3_frame16931.jpg,flight3_frame16931.jpg
flight3_frame16941.jpg,flight3_frame16941.jpg
flight3_frame16951.jpg,flight3_frame16951.jpg
flight3_frame16961.jpg,flight3_frame16961.jpg
flight3_frame16971.jpg,flight3_frame16971.jpg
flight3_frame16981.jpg,flight3_frame16981.jpg
flight3_frame16991.jpg,flight3_frame16991.jpg
flight3_frame17001.jpg,flight3_frame17001.jpg
flight3_frame17011.jpg,flight3_frame17011.jpg
flight3_frame17021.jpg,flight3_frame17021.jpg
flight3_frame17031.jpg,flight3_frame17031.jpg
flight3_frame17041.jpg,flight3_frame17041.jpg
flight3_frame17051.jpg,flight3_frame17051.jpg
flight3_frame17061.jpg,flight3_frame17061.jpg
flight3_frame17071.jpg,flight3_frame17071.jpg
flight3_frame17081.jpg,flight3_frame17081.jpg
flight3_frame17091.jpg,flight3_frame17091.jpg
flight3_frame17101.jpg,flight3_frame17101.jpg
flight3_frame17111.jpg,flight3_frame17111.jpg
flight3_frame17121.jpg,flight3_frame17121.jpg
flight3_frame17131.jpg,flight3_frame17131.jpg
flight3_frame17141.jpg,flight3_frame17141.jpg
flight3_frame17151.jpg,flight3_frame17151.jpg
flight3_frame17161.jpg,flight3_frame17161.jpg
flight3_frame17171.jpg,flight3_frame17171.jpg
flight3_frame17181.jpg,flight3_frame17181.jpg
flight3_frame17191.jpg,flight3_frame17191.jpg
flight3_frame17201.jpg,flight3_frame17201.jpg
flight3_frame17211.jpg,flight3_frame17211.jpg
flight3_frame17221.jpg,flight3_frame17221.jpg
flight3_frame17231.jpg,flight3_frame17231.jpg
flight3_frame17241.jpg,flight3_frame17241.jpg
flight3_frame17251.jpg,flight3_frame17251.jpg
flight3_frame17261.jpg,flight3_frame17261.jpg
flight3_frame26321.jpg,flight3_frame26321.jpg
flight3_frame26331.jpg,flight3_frame26331.jpg
flight3_frame26341.jpg,flight3_frame26341.jpg
flight3_frame26351.jpg,flight3_frame26351.jpg
flight3_frame26361.jpg,flight3_frame26361.jpg
flight3_frame26371.jpg,flight3_frame26371.jpg
flight3_frame26381.jpg,flight3_frame26381.jpg
flight3_frame26391.jpg,flight3_frame26391.jpg
flight3_frame26401.jpg,flight3_frame26401.jpg
flight3_frame26411.jpg,flight3_frame26411.jpg
flight3_frame26421.jpg,flight3_frame26421.jpg
flight3_frame26431.jpg,flight3_frame26431.jpg
flight3_frame26441.jpg,flight3_frame26441.jpg
flight3_frame26451.jpg,flight3_frame26451.jpg
flight3_frame26461.jpg,flight3_frame26461.jpg
flight3_frame26471.jpg,flight3_frame26471.jpg
flight3_frame26481.jpg,flight3_frame26481.jpg
flight3_frame26491.jpg,flight3_frame26491.jpg
flight3_frame26501.jpg,flight3_frame26501.jpg
flight3_frame26511.jpg,flight3_frame26511.jpg
flight3_frame26521.jpg,flight3_frame26521.jpg
flight3_frame26531.jpg,flight3_frame26531.jpg
flight3_frame26541.jpg,flight3_frame26541.jpg
flight3_frame26551.jpg,flight3_frame26551.jpg
flight3_frame26561.jpg,flight3_frame26561.jpg
flight3_frame26571.jpg,flight3_frame26571.jpg
flight3_frame26581.jpg,flight3_frame26581.jpg
flight3_frame26591.jpg,flight3_frame26591.jpg
flight3_frame26601.jpg,flight3_frame26601.jpg
flight3_frame26611.jpg,flight3_frame26611.jpg
flight3_frame26621.jpg,flight3_frame26621.jpg
flight3_frame26631.jpg,flight3_frame26631.jpg
flight3_frame26641.jpg,flight3_frame26641.jpg
flight3_frame26651.jpg,flight3_frame26651.jpg
flight3_frame26661.jpg,flight3_frame26661.jpg
flight3_frame26671.jpg,flight3_frame26671.jpg
flight3_frame26681.jpg,flight3_frame26681.jpg
flight3_frame26691.jpg,flight3_frame26691.jpg
flight3_frame26701.jpg,flight3_frame26701.jpg
flight3_frame26711.jpg,flight3_frame26711.jpg
flight3_frame26721.jpg,flight3_frame26721.jpg
flight3_frame26731.jpg,flight3_frame26731.jpg
flight3_frame26741.jpg,flight3_frame26741.jpg
flight3_frame26751.jpg,flight3_frame26751.jpg
flight3_frame26761.jpg,flight3_frame26761.jpg
flight3_frame26771.jpg,flight3_frame26771.jpg
flight3_frame26781.jpg,flight3_frame26781.jpg
flight3_frame26791.jpg,flight3_frame26791.jpg
flight3_frame26801.jpg,flight3_frame26801.jpg
flight3_frame26811.jpg,flight3_frame26811.jpg
flight3_frame26821.jpg,flight3_frame26821.jpg
flight3_frame26831.jpg,flight3_frame26831.jpg
flight3_frame26841.jpg,flight3_frame26841.jpg
flight3_frame26851.jpg,flight3_frame26851.jpg
flight3_frame26861.jpg,flight3_frame26861.jpg
flight3_frame26871.jpg,flight3_frame26871.jpg
flight3_frame26881.jpg,flight3_frame26881.jpg
flight3_frame26891.jpg,flight3_frame26891.jpg
flight3_frame26901.jpg,flight3_frame26901.jpg
flight3_frame26911.jpg,flight3_frame26911.jpg
flight3_frame26921.jpg,flight3_frame26921.jpg
flight3_frame26931.jpg,flight3_frame26931.jpg
flight3_frame26941.jpg,flight3_frame26941.jpg
flight3_frame26951.jpg,flight3_frame26951.jpg
flight3_frame26961.jpg,flight3_frame26961.jpg
flight3_frame26971.jpg,flight3_frame26971.jpg
flight3_frame26981.jpg,flight3_frame26981.jpg
flight3_frame26991.jpg,flight3_frame26991.jpg
flight3_frame27001.jpg,flight3_frame27001.jpg
flight3_frame27011.jpg,flight3_frame27011.jpg
flight3_frame27021.jpg,flight3_frame27021.jpg
flight3_frame27031.jpg,flight3_frame27031.jpg
flight3_frame27041.jpg,flight3_frame27041.jpg
flight3_frame27051.jpg,flight3_frame27051.jpg
flight3_frame27061.jpg,flight3_frame27061.jpg
flight3_frame27071.jpg,flight3_frame27071.jpg
flight3_frame27081.jpg,flight3_frame27081.jpg
flight3_frame27091.jpg,flight3_frame27091.jpg
flight3_frame27101.jpg,flight3_frame27101.jpg
flight3_frame27111.jpg,flight3_frame27111.jpg
flight3_frame27121.jpg,flight3_frame27121.jpg
flight3_frame27131.jpg,flight3_frame27131.jpg
flight3_frame27141.jpg,flight3_frame27141.jpg
flight3_frame27151.jpg,flight3_frame27151.jpg
flight3_frame27161.jpg,flight3_frame27161.jpg
flight3_frame27171.jpg,flight3_frame27171.jpg
flight3_frame27181.jpg,flight3_frame27181.jpg
flight3_frame27191.jpg,flight3_frame27191.jpg
flight3_frame27201.jpg,flight3_frame27201.jpg
flight3_frame27211.jpg,flight3_frame27211.jpg
flight3_frame27221.jpg,flight3_frame27221.jpg
flight3_frame27231.jpg,flight3_frame27231.jpg
flight3_frame27241.jpg,flight3_frame27241.jpg
flight3_frame27251.jpg,flight3_frame27251.jpg
flight3_frame27261.jpg,flight3_frame27261.jpg
flight3_frame27271.jpg,flight3_frame27271.jpg
flight3_frame27281.jpg,flight3_frame27281.jpg
flight3_frame27291.jpg,flight3_frame27291.jpg
flight3_frame27301.jpg,flight3_frame27301.jpg
flight3_frame27311.jpg,flight3_frame27311.jpg
flight3_frame27321.jpg,flight3_frame27321.jpg
flight3_frame27331.jpg,flight3_frame27331.jpg
flight3_frame27341.jpg,flight3_frame27341.jpg
flight3_frame27351.jpg,flight3_frame27351.jpg
flight3_frame27361.jpg,flight3_frame27361.jpg
flight3_frame27371.jpg,flight3_frame27371.jpg
flight3_frame27381.jpg,flight3_frame27381.jpg
flight3_frame27391.jpg,flight3_frame27391.jpg
flight3_frame27401.jpg,flight3_frame27401.jpg
flight3_frame27411.jpg,flight3_frame27411.jpg
flight3_frame27421.jpg,flight3_frame27421.jpg
flight3_frame27431.jpg,flight3_frame27431.jpg
flight3_frame27441.jpg,flight3_frame27441.jpg
flight3_frame27451.jpg,flight3_frame27451.jpg
flight3_frame27461.jpg,flight3_frame27461.jpg
flight3_frame27471.jpg,flight3_frame27471.jpg
flight3_frame27481.jpg,flight3_frame27481.jpg
flight3_frame27491.jpg,flight3_frame27491.jpg
flight3_frame27501.jpg,flight3_frame27501.jpg
flight3_frame27511.jpg,flight3_frame27511.jpg
flight3_frame27521.jpg,flight3_frame27521.jpg
